Workbook

Sheet Global Stats
A1: Mire ID | B1: Occ totale | C1: Occ H3p | D1: Occ H9 | E1: PicamV3 | F1: Zones
A2: 1 | B2: ='NI202409_CAP-EC_D01'!K3+'NI202409_CAP-EC_D02'!K3+'NI202409_CAP-EC_D03'!K3 -> 625 | C2: ='NI202409_CAP-EC_D01'!K3 -> 289 | D2: ='NI202409_CAP-EC_D02'!K3 -> 257 | E2: ='NI202409_CAP-EC_D03'!K3 -> 79 | F2: 1 | G2: Cap de Nice
A3: 2 | B3: ='NI202409_CAP-EC_D01'!M3+'NI202409_CAP-EC_D02'!M3+'NI202409_CAP-EC_D03'!M3 -> 752 | C3: ='NI202409_CAP-EC_D01'!M3 -> 324 | D3: ='NI202409_CAP-EC_D02'!M3 -> 362 | E3: ='NI202409_CAP-EC_D03'!M3 -> 66 | F3: 1 | G3: Cap de Nice
A4: 3
A5: 4
A6: 5
A7: 6
A8: 7
A9: 8
A10: 9 | B10: ='NI202409_CAP-EC_D01'!O3+'NI202409_CAP-EC_D02'!O3+'NI202409_CAP-EC_D03'!O3 -> 937 | C10: ='NI202409_CAP-EC_D01'!O3 -> 310 | D10: ='NI202409_CAP-EC_D02'!O3 -> 566 | E10: ='NI202409_CAP-EC_D03'!O3 -> 61 | F10: 1 | G10: Cap de Nice
A11: 10 | B11: ='NI202409_CAP-EC_D01'!Q3+'NI202409_CAP-EC_D02'!Q3+'NI202409_CAP-EC_D03'!Q3 -> 427 | C11: ='NI202409_CAP-EC_D01'!Q3 -> 105 | D11: ='NI202409_CAP-EC_D02'!Q3 -> 286 | E11: ='NI202409_CAP-EC_D03'!Q3 -> 36 | F11: 1 | G11: Cap de Nice
A12: 11
A13: 12
A14: 13 | B14: ='NI202409_CAP-EC_D01'!S3+'NI202409_CAP-EC_D02'!S3+'NI202409_CAP-EC_D03'!S3 -> 1066 | C14: ='NI202409_CAP-EC_D01'!S3 -> 381 | D14: ='NI202409_CAP-EC_D02'!S3 -> 606 | E14: ='NI202409_CAP-EC_D03'!S3 -> 79 | F14: 1 | G14: Cap de Nice
A15: 14
A16: 15 | B16: ='NI202409_CAP-EC_D01'!U3+'NI202409_CAP-EC_D02'!U3+'NI202409_CAP-EC_D03'!U3 -> 497 | C16: ='NI202409_CAP-EC_D01'!U3 -> 185 | D16: ='NI202409_CAP-EC_D02'!U3 -> 261 | E16: ='NI202409_CAP-EC_D03'!U3 -> 51 | F16: 1 | G16: Cap de Nice
A17: 16
A18: 17
A19: 18
A20: 19
A21: 20
A22: 21
A23: 22
A24: 23
A25: 24
A26: 25
A27: 26 | B27: ='SR202204_LDM-S_D01'!J3 -> 316 | C27: ='SR202204_LDM-S_D01'!J3 -> 316 | F27: 1 | G27: Sirene
A28: 27
A29: 28 | B29: ='SR202204_LDM-S_D01'!L3 -> 287 | C29: ='SR202204_LDM-S_D01'!L3 -> 287 | F29: 1 | G29: Sirene
A30: 29 | B30: ='SR202204_LDM-S_D01'!N3 -> 198 | C30: ='SR202204_LDM-S_D01'!N3 -> 198 | F30: 1 | G30: Sirene
A31: 30 | B31: ='SR202204_LDM-S_D01'!P3 -> 437 | C31: ='SR202204_LDM-S_D01'!P3 -> 437 | F31: 1 | G31: Sirene
A32: 31
A33: 32
A34: 33 | B34: ='SR202204_LDM-S_D01'!R3 -> 185 | C34: ='SR202204_LDM-S_D01'!R3 -> 185 | F34: 1 | G34: Sirene
A35: 34
A36: 35
A37: 36
A38: 37
A39: 38
A40: 39

Sheet SR202204_LDM-S_D01
A1: The Mermaid Area | B1: Département : | C1: Var | D1: Ville : | E1: Saint-Raphaël | F1: Site : | G1: Lion de Mer, Sirene | H1: Date : | I1: 44657 | J1: ID : | K1: SR202204_LDM-S | L1: Camera : | M1: GoPro H3p | N1: NB Img : | O1: =COUNTA(A4:A1247) -> 1244
A2: Stats | B2: Img avec mire(s) : | C2: =COUNTIF(B4:B1247,"YES") -> 926 | D2: 1 M : | E2: =COUNTIF(C4:C1247,"1") -> 601 | F2: 2 M : | G2: =COUNTIF(C4:C1247,"2") -> 163 | H2: 3 M : | I2: =COUNTIF(C4:C1247,"3") -> 153 | J2: 4 M : | K2: =COUNTIF(C4:C1247,"4") -> 8 | L2: 5 M : | M2: =COUNTIF(C4:C1247,"5") -> 1 | N2: X Ms : | O2: =G2+I2+K2+M2 -> 325
A3: Images name | B3: Mire ? | C3: Quantité | D3: M26 | E3: M28 | F3: M29 | G3: M30 | H3: M33 | I3: M26 occ: | J3: =COUNTIF(D4:I1247,"26") -> 316 | K3: M28 occ: | L3: =COUNTIF(D4:I1247,"28") -> 287 | M3: M29 occ: | N3: =COUNTIF(D4:I1247,"29") -> 198 | O3: M30 occ: | P3: =COUNTIF(D4:I1247,"30") -> 437 | Q3: M33 occ: | R3: =COUNTIF(D4:I1247,"33") -> 185
A4: SR202204_LDM-S_D01_0000.JPG | B4: NO | K4: Combinaisons visibles de mires sur les images
A5: SR202204_LDM-S_D01_0001.JPG | B5: NO | K5: {=UNIQUE(D4:H1247)}
A6: SR202204_LDM-S_D01_0002.JPG | B6: NO | N6: 30 | P6: {=COUNTIF($D$4:$D$1247&"|"&$E$4:$E$1247&"|"&$F$4:$F$1247&"|"&$G$4:$G$1247&"|"&$H$4:$H$1247,$K6&"|"&$L6&"|"&$M6&"|"&$N6&"|"&$O6)} -> 179 | S6: M26 | T6: M28 | U6: M29 | V6: M30 | W6: M33
A7: SR202204_LDM-S_D01_0003.JPG | B7: YES | C7: 1 | G7: 30 | L7: 28 | P7: {=COUNTIF($D$4:$D$1247&"|"&$E$4:$E$1247&"|"&$F$4:$F$1247&"|"&$G$4:$G$1247&"|"&$H$4:$H$1247,$K7&"|"&$L7&"|"&$M7&"|"&$N7&"|"&$O7)} -> 94 | R7: M26 | T7: {=SUM((MMULT(--(K6:O28=26),TRANSPOSE(COLUMN(K6:O6)^0))>0)*(MMULT(--(K6:O28=28),TRANSPOSE(COLUMN(K6:O6)^0))>0)*P6:P28)} -> 180 | U7: {=SUM((MMULT(--(K6:O28=26),TRANSPOSE(COLUMN(K6:O6)^0))>0)*(MMULT(--(K6:O28=29),TRANSPOSE(COLUMN(K6:O6)^0))>0)*P6:P28)} -> 26 | V7: {=SUM((MMULT(--(K6:O28=26),TRANSPOSE(COLUMN(K6:O6)^0))>0)*(MMULT(--(K6:O28=30),TRANSPOSE(COLUMN(K6:O6)^0))>0)*P6:P28)} -> 249 | W7: {=SUM((MMULT(--(K6:O28=26),TRANSPOSE(COLUMN(K6:O6)^0))>0)*(MMULT(--(K6:O28=33),TRANSPOSE(COLUMN(K6:O6)^0))>0)*P6:P28)} -> 19
A8: SR202204_LDM-S_D01_0004.JPG | B8: YES | C8: 1 | G8: 30 | K8: 26 | P8: {=COUNTIF($D$4:$D$1247&"|"&$E$4:$E$1247&"|"&$F$4:$F$1247&"|"&$G$4:$G$1247&"|"&$H$4:$H$1247,$K8&"|"&$L8&"|"&$M8&"|"&$N8&"|"&$O8)} -> 14 | R8: M28 | U8: {=SUM((MMULT(--(K6:O28=28),TRANSPOSE(COLUMN(K6:O6)^0))>0)*(MMULT(--(K6:O28=29),TRANSPOSE(COLUMN(K6:O6)^0))>0)*P6:P28)} -> 6 | V8: {=SUM((MMULT(--(K6:O28=28),TRANSPOSE(COLUMN(K6:O6)^0))>0)*(MMULT(--(K6:O28=30),TRANSPOSE(COLUMN(K6:O6)^0))>0)*P6:P28)} -> 140 | W8: {=SUM((MMULT(--(K6:O28=28),TRANSPOSE(COLUMN(K6:O6)^0))>0)*(MMULT(--(K6:O28=33),TRANSPOSE(COLUMN(K6:O6)^0))>0)*P6:P28)} -> 17
A9: SR202204_LDM-S_D01_0005.JPG | B9: YES | C9: 1 | G9: 30 | K9: 26 | L9: 28 | P9: {=COUNTIF($D$4:$D$1247&"|"&$E$4:$E$1247&"|"&$F$4:$F$1247&"|"&$G$4:$G$1247&"|"&$H$4:$H$1247,$K9&"|"&$L9&"|"&$M9&"|"&$N9&"|"&$O9)} -> 38 | R9: M29 | V9: {=SUM((MMULT(--(K6:O28=29),TRANSPOSE(COLUMN(K6:O6)^0))>0)*(MMULT(--(K6:O28=30),TRANSPOSE(COLUMN(K6:O6)^0))>0)*P6:P28)} -> 28 | W9: {=SUM((MMULT(--(K6:O28=29),TRANSPOSE(COLUMN(K6:O6)^0))>0)*(MMULT(--(K6:O28=33),TRANSPOSE(COLUMN(K6:O6)^0))>0)*P6:P28)} -> 7
A10: SR202204_LDM-S_D01_0006.JPG | B10: YES | C10: 1 | G10: 30 | K10: 26 | N10: 30 | P10: {=COUNTIF($D$4:$D$1247&"|"&$E$4:$E$1247&"|"&$F$4:$F$1247&"|"&$G$4:$G$1247&"|"&$H$4:$H$1247,$K10&"|"&$L10&"|"&$M10&"|"&$N10&"|"&$O10)} -> 92 | R10: M30 | W10: {=SUM((MMULT(--(K6:O28=30),TRANSPOSE(COLUMN(K6:O6)^0))>0)*(MMULT(--(K6:O28=33),TRANSPOSE(COLUMN(K6:O6)^0))>0)*P6:P28)} -> 8
A11: SR202204_LDM-S_D01_0007.JPG | B11: YES | C11: 1 | G11: 30 | M11: 29 | P11: {=COUNTIF($D$4:$D$1247&"|"&$E$4:$E$1247&"|"&$F$4:$F$1247&"|"&$G$4:$G$1247&"|"&$H$4:$H$1247,$K11&"|"&$L11&"|"&$M11&"|"&$N11&"|"&$O11)} -> 163 | R11: M33
A12: SR202204_LDM-S_D01_0008.JPG | B12: YES | C12: 1 | G12: 30 | O12: 33 | P12: {=COUNTIF($D$4:$D$1247&"|"&$E$4:$E$1247&"|"&$F$4:$F$1247&"|"&$G$4:$G$1247&"|"&$H$4:$H$1247,$K12&"|"&$L12&"|"&$M12&"|"&$N12&"|"&$O12)} -> 151
A13: SR202204_LDM-S_D01_0009.JPG | B13: YES | C13: 1 | G13: 30 | L13: 28 | N13: 30 | P13: {=COUNTIF($D$4:$D$1247&"|"&$E$4:$E$1247&"|"&$F$4:$F$1247&"|"&$G$4:$G$1247&"|"&$H$4:$H$1247,$K13&"|"&$L13&"|"&$M13&"|"&$N13&"|"&$O13)} -> 2
A14: SR202204_LDM-S_D01_0010.JPG | B14: YES | C14: 1 | G14: 30 | K14: 26 | L14: 28 | N14: 30 | P14: {=COUNTIF($D$4:$D$1247&"|"&$E$4:$E$1247&"|"&$F$4:$F$1247&"|"&$G$4:$G$1247&"|"&$H$4:$H$1247,$K14&"|"&$L14&"|"&$M14&"|"&$N14&"|"&$O14)} -> 131
A15: SR202204_LDM-S_D01_0011.JPG | B15: YES | C15: 1 | G15: 30 | K15: 26 | N15: 30 | O15: 33 | P15: {=COUNTIF($D$4:$D$1247&"|"&$E$4:$E$1247&"|"&$F$4:$F$1247&"|"&$G$4:$G$1247&"|"&$H$4:$H$1247,$K15&"|"&$L15&"|"&$M15&"|"&$N15&"|"&$O15)} -> 3
A16: SR202204_LDM-S_D01_0012.JPG | B16: YES | C16: 1 | G16: 30 | M16: 29 | O16: 33 | P16: {=COUNTIF($D$4:$D$1247&"|"&$E$4:$E$1247&"|"&$F$4:$F$1247&"|"&$G$4:$G$1247&"|"&$H$4:$H$1247,$K16&"|"&$L16&"|"&$M16&"|"&$N16&"|"&$O16)} -> 3
A17: SR202204_LDM-S_D01_0013.JPG | B17: YES | C17: 1 | G17: 30 | K17: 26 | O17: 33 | P17: {=COUNTIF($D$4:$D$1247&"|"&$E$4:$E$1247&"|"&$F$4:$F$1247&"|"&$G$4:$G$1247&"|"&$H$4:$H$1247,$K17&"|"&$L17&"|"&$M17&"|"&$N17&"|"&$O17)} -> 7
A18: SR202204_LDM-S_D01_0014.JPG | B18: YES | C18: 1 | G18: 30 | L18: 28 | O18: 33 | P18: {=COUNTIF($D$4:$D$1247&"|"&$E$4:$E$1247&"|"&$F$4:$F$1247&"|"&$G$4:$G$1247&"|"&$H$4:$H$1247,$K18&"|"&$L18&"|"&$M18&"|"&$N18&"|"&$O18)} -> 11
A19: SR202204_LDM-S_D01_0015.JPG | B19: YES | C19: 1 | G19: 30 | K19: 26 | L19: 28 | O19: 33 | P19: {=COUNTIF($D$4:$D$1247&"|"&$E$4:$E$1247&"|"&$F$4:$F$1247&"|"&$G$4:$G$1247&"|"&$H$4:$H$1247,$K19&"|"&$L19&"|"&$M19&"|"&$N19&"|"&$O19)} -> 4
A20: SR202204_LDM-S_D01_0016.JPG | B20: YES | C20: 1 | G20: 30 | K20: 26 | L20: 28 | N20: 30 | O20: 33 | P20: {=COUNTIF($D$4:$D$1247&"|"&$E$4:$E$1247&"|"&$F$4:$F$1247&"|"&$G$4:$G$1247&"|"&$H$4:$H$1247,$K20&"|"&$L20&"|"&$M20&"|"&$N20&"|"&$O20)} -> 1
A21: SR202204_LDM-S_D01_0017.JPG | B21: NO | K21: 26 | M21: 29 | O21: 33 | P21: {=COUNTIF($D$4:$D$1247&"|"&$E$4:$E$1247&"|"&$F$4:$F$1247&"|"&$G$4:$G$1247&"|"&$H$4:$H$1247,$K21&"|"&$L21&"|"&$M21&"|"&$N21&"|"&$O21)} -> 1
A22: SR202204_LDM-S_D01_0018.JPG | B22: NO | K22: 26 | M22: 29 | P22: {=COUNTIF($D$4:$D$1247&"|"&$E$4:$E$1247&"|"&$F$4:$F$1247&"|"&$G$4:$G$1247&"|"&$H$4:$H$1247,$K22&"|"&$L22&"|"&$M22&"|"&$N22&"|"&$O22)} -> 3
A23: SR202204_LDM-S_D01_0019.JPG | B23: NO | K23: 26 | L23: 28 | M23: 29 | N23: 30 | P23: {=COUNTIF($D$4:$D$1247&"|"&$E$4:$E$1247&"|"&$F$4:$F$1247&"|"&$G$4:$G$1247&"|"&$H$4:$H$1247,$K23&"|"&$L23&"|"&$M23&"|"&$N23&"|"&$O23)} -> 5
A24: SR202204_LDM-S_D01_0020.JPG | B24: NO | K24: 26 | M24: 29 | N24: 30 | P24: {=COUNTIF($D$4:$D$1247&"|"&$E$4:$E$1247&"|"&$F$4:$F$1247&"|"&$G$4:$G$1247&"|"&$H$4:$H$1247,$K24&"|"&$L24&"|"&$M24&"|"&$N24&"|"&$O24)} -> 14
A25: SR202204_LDM-S_D01_0021.JPG | B25: NO | K25: 26 | L25: 28 | M25: 29 | N25: 30 | O25: 33 | P25: {=COUNTIF($D$4:$D$1247&"|"&$E$4:$E$1247&"|"&$F$4:$F$1247&"|"&$G$4:$G$1247&"|"&$H$4:$H$1247,$K25&"|"&$L25&"|"&$M25&"|"&$N25&"|"&$O25)} -> 1
A26: SR202204_LDM-S_D01_0022.JPG | B26: NO | M26: 29 | N26: 30 | P26: {=COUNTIF($D$4:$D$1247&"|"&$E$4:$E$1247&"|"&$F$4:$F$1247&"|"&$G$4:$G$1247&"|"&$H$4:$H$1247,$K26&"|"&$L26&"|"&$M26&"|"&$N26&"|"&$O26)} -> 6
A27: SR202204_LDM-S_D01_0023.JPG | B27: NO | K27: 26 | M27: 29 | N27: 30 | O27: 33 | P27: {=COUNTIF($D$4:$D$1247&"|"&$E$4:$E$1247&"|"&$F$4:$F$1247&"|"&$G$4:$G$1247&"|"&$H$4:$H$1247,$K27&"|"&$L27&"|"&$M27&"|"&$N27&"|"&$O27)} -> 2
A28: SR202204_LDM-S_D01_0024.JPG | B28: NO | N28: 30 | O28: 33 | P28: {=COUNTIF($D$4:$D$1247&"|"&$E$4:$E$1247&"|"&$F$4:$F$1247&"|"&$G$4:$G$1247&"|"&$H$4:$H$1247,$K28&"|"&$L28&"|"&$M28&"|"&$N28&"|"&$O28)} -> 1
A29: SR202204_LDM-S_D01_0025.JPG | B29: NO | P29: =SUm(P6:P28) -> 926
A30: SR202204_LDM-S_D01_0026.JPG | B30: NO | P30: =C2 -> 926
A31: SR202204_LDM-S_D01_0027.JPG | B31: YES | C31: 1 | E31: 28
A32: SR202204_LDM-S_D01_0028.JPG | B32: YES | C32: 1 | E32: 28
A33: SR202204_LDM-S_D01_0029.JPG | B33: YES | C33: 1 | E33: 28
A34: SR202204_LDM-S_D01_0030.JPG | B34: YES | C34: 1 | E34: 28
A35: SR202204_LDM-S_D01_0031.JPG | B35: YES | C35: 1 | E35: 28
A36: SR202204_LDM-S_D01_0032.JPG | B36: YES | C36: 1 | E36: 28
A37: SR202204_LDM-S_D01_0033.JPG | B37: YES | C37: 1 | E37: 28
A38: SR202204_LDM-S_D01_0034.JPG | B38: YES | C38: 1 | E38: 28
A39: SR202204_LDM-S_D01_0035.JPG | B39: YES | C39: 1 | E39: 28
A40: SR202204_LDM-S_D01_0036.JPG | B40: YES | C40: 1 | E40: 28
A41: SR202204_LDM-S_D01_0037.JPG | B41: YES | C41: 1 | E41: 28
A42: SR202204_LDM-S_D01_0038.JPG | B42: YES | C42: 1 | E42: 28
... A47: SR202204_LDM-S_D01_0043.JPG | B47: YES | C47: 1 | E47: 28
A48: SR202204_LDM-S_D01_0044.JPG | B48: NO
A49: SR202204_LDM-S_D01_0045.JPG | B49: NO
A50: SR202204_LDM-S_D01_0046.JPG | B50: NO
A51: SR202204_LDM-S_D01_0047.JPG | B51: YES | C51: 1 | G51: 30
A52: SR202204_LDM-S_D01_0048.JPG | B52: YES | C52: 1 | G52: 30
A53: SR202204_LDM-S_D01_0049.JPG | B53: YES | C53: 1 | G53: 30
A54: SR202204_LDM-S_D01_0050.JPG | B54: YES | C54: 1 | G54: 30
A55: SR202204_LDM-S_D01_0051.JPG | B55: NO
A56: SR202204_LDM-S_D01_0052.JPG | B56: NO
A57: SR202204_LDM-S_D01_0053.JPG | B57: NO
A58: SR202204_LDM-S_D01_0054.JPG | B58: NO
A59: SR202204_LDM-S_D01_0055.JPG | B59: YES | C59: 1 | G59: 30
A60: SR202204_LDM-S_D01_0056.JPG | B60: YES | C60: 1 | G60: 30
A61: SR202204_LDM-S_D01_0057.JPG | B61: YES | C61: 1 | G61: 30
A62: SR202204_LDM-S_D01_0058.JPG | B62: YES | C62: 1 | G62: 30
A63: SR202204_LDM-S_D01_0059.JPG | B63: YES | C63: 1 | G63: 30
A64: SR202204_LDM-S_D01_0060.JPG | B64: YES | C64: 1 | G64: 30
A65: SR202204_LDM-S_D01_0061.JPG | B65: YES | C65: 1 | G65: 30
A66: SR202204_LDM-S_D01_0062.JPG | B66: YES | C66: 1 | G66: 30
A67: SR202204_LDM-S_D01_0063.JPG | B67: YES | C67: 1 | G67: 30
A68: SR202204_LDM-S_D01_0064.JPG | B68: YES | C68: 1 | G68: 30
A69: SR202204_LDM-S_D01_0065.JPG | B69: YES | C69: 1 | G69: 30
A70: SR202204_LDM-S_D01_0066.JPG | B70: YES | C70: 1 | G70: 30
A71: SR202204_LDM-S_D01_0067.JPG | B71: NO
A72: SR202204_LDM-S_D01_0068.JPG | B72: NO
A73: SR202204_LDM-S_D01_0069.JPG | B73: NO
A74: SR202204_LDM-S_D01_0070.JPG | B74: NO
A75: SR202204_LDM-S_D01_0071.JPG | B75: NO
A76: SR202204_LDM-S_D01_0072.JPG | B76: NO
A77: SR202204_LDM-S_D01_0073.JPG | B77: NO
A78: SR202204_LDM-S_D01_0074.JPG | B78: NO
A79: SR202204_LDM-S_D01_0075.JPG | B79: NO
A80: SR202204_LDM-S_D01_0076.JPG | B80: NO
A81: SR202204_LDM-S_D01_0077.JPG | B81: NO
A82: SR202204_LDM-S_D01_0078.JPG | B82: NO
... A88: SR202204_LDM-S_D01_0084.JPG | B88: NO
A89: SR202204_LDM-S_D01_0085.JPG | B89: YES | C89: 1 | G89: 30
A90: SR202204_LDM-S_D01_0086.JPG | B90: YES | C90: 1 | G90: 30
A91: SR202204_LDM-S_D01_0087.JPG | B91: YES | C91: 1 | G91: 30
A92: SR202204_LDM-S_D01_0088.JPG | B92: YES | C92: 1 | G92: 30
A93: SR202204_LDM-S_D01_0089.JPG | B93: YES | C93: 1 | G93: 30
A94: SR202204_LDM-S_D01_0090.JPG | B94: YES | C94: 1 | G94: 30
A95: SR202204_LDM-S_D01_0091.JPG | B95: YES | C95: 1 | G95: 30
A96: SR202204_LDM-S_D01_0092.JPG | B96: YES | C96: 1 | G96: 30
A97: SR202204_LDM-S_D01_0093.JPG | B97: YES | C97: 1 | G97: 30
A98: SR202204_LDM-S_D01_0094.JPG | B98: YES | C98: 1 | G98: 30
A99: SR202204_LDM-S_D01_0095.JPG | B99: YES | C99: 1 | G99: 30
A100: SR202204_LDM-S_D01_0096.JPG | B100: YES | C100: 1 | G100: 30
A101: SR202204_LDM-S_D01_0097.JPG | B101: YES | C101: 1 | G101: 30
A102: SR202204_LDM-S_D01_0098.JPG | B102: YES | C102: 1 | D102: 26
A103: SR202204_LDM-S_D01_0099.JPG | B103: YES | C103: 2 | D103: 26 | E103: 28
A104: SR202204_LDM-S_D01_0100.JPG | B104: YES | C104: 2 | D104: 26 | E104: 28
A105: SR202204_LDM-S_D01_0101.JPG | B105: YES | C105: 2 | D105: 26 | E105: 28
A106: SR202204_LDM-S_D01_0102.JPG | B106: YES | C106: 2 | D106: 26 | E106: 28
A107: SR202204_LDM-S_D01_0103.JPG | B107: YES | C107: 1 | D107: 26
A108: SR202204_LDM-S_D01_0104.JPG | B108: YES | C108: 2 | D108: 26 | E108: 28
A109: SR202204_LDM-S_D01_0105.JPG | B109: YES | C109: 2 | D109: 26 | E109: 28
...

Sheet NI202409_CAP-EC_D01
A1: The Nice Cape East Cove | B1: Département : | C1: Alpes Maritimes | D1: Ville : | E1: Nice | F1: Site : | G1: Cap de Nice, These | H1: Date : | I1: 45560 | J1: ID : | K1: NI202409_CAP-EC_D01 | L1: Camera : | M1: GoPro H3p | N1: NB Img : | O1: =COUNTA(A4:A3228) -> 3225
A2: Stats | B2: Img avec mire(s) : | C2: =COUNTIF(B4:B3485,"YES") -> 1064 | D2: 1 M : | E2: =COUNTIF(C4:C3485,"1") -> 773 | F2: 2 M : | G2: =COUNTIF(C4:C3485,"2") -> 132 | H2: 3 M : | I2: =COUNTIF(C4:C3485,"3") -> 91 | J2: 4 M : | K2: =COUNTIF(C4:C3485,"4") -> 56 | L2: 5 M : | M2: =COUNTIF(C4:C3485,"5") -> 12 | N2: 6 M : | O2: =COUNTIF(C4:C3485,"6") -> 0 | P2: X Ms : | Q2: =G2+I2+K2+M2+O2 -> 291
A3: Images name | B3: Mire ? | C3: Quantité | D3: M1 | E3: M2 | F3: M9 | G3: M10 | H3: M13 | I3: M15 | J3: M1 occ: | K3: =COUNTIF(D4:J3485,"1") -> 289 | L3: M2 occ: | M3: =COUNTIF(D4:J3485,"2") -> 324 | N3: M9 occ: | O3: =COUNTIF(D4:J3485,"9") -> 310 | P3: M10 occ: | Q3: =COUNTIF(D4:J3485,"10") -> 105 | R3: M13 occ: | S3: =COUNTIF(D4:J3485,"13") -> 381 | T3: M15 occ: | U3: =COUNTIF(D4:J3485,"15") -> 185
A4: G0044570.JPG | B4: NO | L4: Combinaisons visibles de mires sur les images
A5: G0044571.JPG | B5: NO | L5: {=UNIQUE(D4:I3228)}
A6: G0044572.JPG | B6: NO | O6: 10 | R6: {=COUNTIF($D$4:$D$3228&"|"&$E$4:$E$3228&"|"&$F$4:$F$3228&"|"&$G$4:$G$3228&"|"&$H$4:$H$3228&"|"&$I$4:$I$3228,$L6&"|"&$M6&"|"&$N6&"|"&$O6&"|"&$P6&"|"&$Q6)} -> 105 | V6: M1 | W6: M2 | X6: M9 | Y6: M10 | Z6: M13 | AA6: M15
A7: G0044573.JPG | B7: NO | N7: 9 | R7: {=COUNTIF($D$4:$D$3228&"|"&$E$4:$E$3228&"|"&$F$4:$F$3228&"|"&$G$4:$G$3228&"|"&$H$4:$H$3228&"|"&$I$4:$I$3228,$L7&"|"&$M7&"|"&$N7&"|"&$O7&"|"&$P7&"|"&$Q7)} -> 123 | U7: M1 | W7: {=SUM((MMULT(--(L6:Q26=1),TRANSPOSE(COLUMN(L6:Q6)^0))>0)*(MMULT(--(L6:Q26=2),TRANSPOSE(COLUMN(L6:Q6)^0))>0)*R6:R26)} -> 14 | X7: {=SUM((MMULT(--(L6:Q26=1),TRANSPOSE(COLUMN(L6:Q6)^0))>0)*(MMULT(--(L6:Q26=9),TRANSPOSE(COLUMN(L6:Q6)^0))>0)*R6:R26)} -> 38 | Y7: {=SUM((MMULT(--(L6:Q26=1),TRANSPOSE(COLUMN(L6:Q6)^0))>0)*(MMULT(--(L6:Q26=10),TRANSPOSE(COLUMN(L6:Q6)^0))>0)*R6:R26)} -> 0 | Z7: {=SUM((MMULT(--(L6:Q26=1),TRANSPOSE(COLUMN(L6:Q6)^0))>0)*(MMULT(--(L6:Q26=13),TRANSPOSE(COLUMN(L6:Q6)^0))>0)*R6:R26)} -> 83 | AA7: {=SUM((MMULT(--(L6:Q26=1),TRANSPOSE(COLUMN(L6:Q6)^0))>0)*(MMULT(--(L6:Q26=15),TRANSPOSE(COLUMN(L6:Q6)^0))>0)*R6:R26)} -> 84
A8: G0044574.JPG | B8: NO | N8: 9 | P8: 13 | R8: {=COUNTIF($D$4:$D$3228&"|"&$E$4:$E$3228&"|"&$F$4:$F$3228&"|"&$G$4:$G$3228&"|"&$H$4:$H$3228&"|"&$I$4:$I$3228,$L8&"|"&$M8&"|"&$N8&"|"&$O8&"|"&$P8&"|"&$Q8)} -> 47 | U8: M2 | X8: {=SUM((MMULT(--(L6:Q26=2),TRANSPOSE(COLUMN(L6:Q6)^0))>0)*(MMULT(--(L6:Q26=9),TRANSPOSE(COLUMN(L6:Q6)^0))>0)*R6:R26)} -> 98 | Y8: {=SUM((MMULT(--(L6:Q26=2),TRANSPOSE(COLUMN(L6:Q6)^0))>0)*(MMULT(--(L6:Q26=10),TRANSPOSE(COLUMN(L6:Q6)^0))>0)*R6:R26)} -> 0 | Z8: {=SUM((MMULT(--(L6:Q26=2),TRANSPOSE(COLUMN(L6:Q6)^0))>0)*(MMULT(--(L6:Q26=13),TRANSPOSE(COLUMN(L6:Q6)^0))>0)*R6:R26)} -> 125 | AA8: {=SUM((MMULT(--(L6:Q26=2),TRANSPOSE(COLUMN(L6:Q6)^0))>0)*(MMULT(--(L6:Q26=15),TRANSPOSE(COLUMN(L6:Q6)^0))>0)*R6:R26)} -> 45
A9: G0044575.JPG | B9: NO | N9: 9 | P9: 13 | Q9: 15 | R9: {=COUNTIF($D$4:$D$3228&"|"&$E$4:$E$3228&"|"&$F$4:$F$3228&"|"&$G$4:$G$3228&"|"&$H$4:$H$3228&"|"&$I$4:$I$3228,$L9&"|"&$M9&"|"&$N9&"|"&$O9&"|"&$P9&"|"&$Q9)} -> 16 | U9: M9 | Y9: {=SUM((MMULT(--(L6:Q26=9),TRANSPOSE(COLUMN(L6:Q6)^0))>0)*(MMULT(--(L6:Q26=10),TRANSPOSE(COLUMN(L6:Q6)^0))>0)*R6:R26)} -> 0 | Z9: {=SUM((MMULT(--(L6:Q26=9),TRANSPOSE(COLUMN(L6:Q6)^0))>0)*(MMULT(--(L6:Q26=13),TRANSPOSE(COLUMN(L6:Q6)^0))>0)*R6:R26)} -> 182 | AA9: {=SUM((MMULT(--(L6:Q26=9),TRANSPOSE(COLUMN(L6:Q6)^0))>0)*(MMULT(--(L6:Q26=15),TRANSPOSE(COLUMN(L6:Q6)^0))>0)*R6:R26)} -> 83
A10: G0044576.JPG | B10: NO | L10: 1 | N10: 9 | P10: 13 | Q10: 15 | R10: {=COUNTIF($D$4:$D$3228&"|"&$E$4:$E$3228&"|"&$F$4:$F$3228&"|"&$G$4:$G$3228&"|"&$H$4:$H$3228&"|"&$I$4:$I$3228,$L10&"|"&$M10&"|"&$N10&"|"&$O10&"|"&$P10&"|"&$Q10)} -> 23 | U10: M10 | Z10: {=SUM((MMULT(--(L6:Q26=10),TRANSPOSE(COLUMN(L6:Q6)^0))>0)*(MMULT(--(L6:Q26=13),TRANSPOSE(COLUMN(L6:Q6)^0))>0)*R6:R26)} -> 0 | AA10: {=SUM((MMULT(--(L6:Q26=10),TRANSPOSE(COLUMN(L6:Q6)^0))>0)*(MMULT(--(L6:Q26=15),TRANSPOSE(COLUMN(L6:Q6)^0))>0)*R6:R26)} -> 0
A11: G0044577.JPG | B11: NO | L11: 1 | Q11: 15 | R11: {=COUNTIF($D$4:$D$3228&"|"&$E$4:$E$3228&"|"&$F$4:$F$3228&"|"&$G$4:$G$3228&"|"&$H$4:$H$3228&"|"&$I$4:$I$3228,$L11&"|"&$M11&"|"&$N11&"|"&$O11&"|"&$P11&"|"&$Q11)} -> 26 | U11: M13 | AA11: {=SUM((MMULT(--(L6:Q26=13),TRANSPOSE(COLUMN(L6:Q6)^0))>0)*(MMULT(--(L6:Q26=15),TRANSPOSE(COLUMN(L6:Q6)^0))>0)*R6:R26)} -> 109
A12: G0044578.JPG | B12: NO | L12: 1 | R12: {=COUNTIF($D$4:$D$3228&"|"&$E$4:$E$3228&"|"&$F$4:$F$3228&"|"&$G$4:$G$3228&"|"&$H$4:$H$3228&"|"&$I$4:$I$3228,$L12&"|"&$M12&"|"&$N12&"|"&$O12&"|"&$P12&"|"&$Q12)} -> 180 | U12: M15
A13: G0044579.JPG | B13: NO | Q13: 15 | R13: {=COUNTIF($D$4:$D$3228&"|"&$E$4:$E$3228&"|"&$F$4:$F$3228&"|"&$G$4:$G$3228&"|"&$H$4:$H$3228&"|"&$I$4:$I$3228,$L13&"|"&$M13&"|"&$N13&"|"&$O13&"|"&$P13&"|"&$Q13)} -> 50
A14: G0044580.JPG | B14: NO | L14: 1 | P14: 13 | Q14: 15 | R14: {=COUNTIF($D$4:$D$3228&"|"&$E$4:$E$3228&"|"&$F$4:$F$3228&"|"&$G$4:$G$3228&"|"&$H$4:$H$3228&"|"&$I$4:$I$3228,$L14&"|"&$M14&"|"&$N14&"|"&$O14&"|"&$P14&"|"&$Q14)} -> 22
A15: G0044581.JPG | B15: NO | L15: 1 | M15: 2 | P15: 13 | Q15: 15 | R15: {=COUNTIF($D$4:$D$3228&"|"&$E$4:$E$3228&"|"&$F$4:$F$3228&"|"&$G$4:$G$3228&"|"&$H$4:$H$3228&"|"&$I$4:$I$3228,$L15&"|"&$M15&"|"&$N15&"|"&$O15&"|"&$P15&"|"&$Q15)} -> 1
A16: G0044582.JPG | B16: NO | L16: 1 | M16: 2 | N16: 9 | P16: 13 | Q16: 15 | R16: {=COUNTIF($D$4:$D$3228&"|"&$E$4:$E$3228&"|"&$F$4:$F$3228&"|"&$G$4:$G$3228&"|"&$H$4:$H$3228&"|"&$I$4:$I$3228,$L16&"|"&$M16&"|"&$N16&"|"&$O16&"|"&$P16&"|"&$Q16)} -> 12
A17: G0044583.JPG | B17: NO | M17: 2 | N17: 9 | P17: 13 | Q17: 15 | R17: {=COUNTIF($D$4:$D$3228&"|"&$E$4:$E$3228&"|"&$F$4:$F$3228&"|"&$G$4:$G$3228&"|"&$H$4:$H$3228&"|"&$I$4:$I$3228,$L17&"|"&$M17&"|"&$N17&"|"&$O17&"|"&$P17&"|"&$Q17)} -> 32
A18: G0044584.JPG | B18: NO | M18: 2 | N18: 9 | P18: 13 | R18: {=COUNTIF($D$4:$D$3228&"|"&$E$4:$E$3228&"|"&$F$4:$F$3228&"|"&$G$4:$G$3228&"|"&$H$4:$H$3228&"|"&$I$4:$I$3228,$L18&"|"&$M18&"|"&$N18&"|"&$O18&"|"&$P18&"|"&$Q18)} -> 49
A19: G0044585.JPG | B19: NO | M19: 2 | N19: 9 | R19: {=COUNTIF($D$4:$D$3228&"|"&$E$4:$E$3228&"|"&$F$4:$F$3228&"|"&$G$4:$G$3228&"|"&$H$4:$H$3228&"|"&$I$4:$I$3228,$L19&"|"&$M19&"|"&$N19&"|"&$O19&"|"&$P19&"|"&$Q19)} -> 5
A20: G0044586.JPG | B20: NO | L20: 1 | P20: 13 | R20: {=COUNTIF($D$4:$D$3228&"|"&$E$4:$E$3228&"|"&$F$4:$F$3228&"|"&$G$4:$G$3228&"|"&$H$4:$H$3228&"|"&$I$4:$I$3228,$L20&"|"&$M20&"|"&$N20&"|"&$O20&"|"&$P20&"|"&$Q20)} -> 21
A21: G0044587.JPG | B21: NO | P21: 13 | R21: {=COUNTIF($D$4:$D$3228&"|"&$E$4:$E$3228&"|"&$F$4:$F$3228&"|"&$G$4:$G$3228&"|"&$H$4:$H$3228&"|"&$I$4:$I$3228,$L21&"|"&$M21&"|"&$N21&"|"&$O21&"|"&$P21&"|"&$Q21)} -> 121
A22: G0044588.JPG | B22: NO | M22: 2 | P22: 13 | R22: {=COUNTIF($D$4:$D$3228&"|"&$E$4:$E$3228&"|"&$F$4:$F$3228&"|"&$G$4:$G$3228&"|"&$H$4:$H$3228&"|"&$I$4:$I$3228,$L22&"|"&$M22&"|"&$N22&"|"&$O22&"|"&$P22&"|"&$Q22)} -> 30
A23: G0044589.JPG | B23: NO | L23: 1 | M23: 2 | P23: 13 | R23: {=COUNTIF($D$4:$D$3228&"|"&$E$4:$E$3228&"|"&$F$4:$F$3228&"|"&$G$4:$G$3228&"|"&$H$4:$H$3228&"|"&$I$4:$I$3228,$L23&"|"&$M23&"|"&$N23&"|"&$O23&"|"&$P23&"|"&$Q23)} -> 1
A24: G0044590.JPG | B24: NO | P24: 13 | Q24: 15 | R24: {=COUNTIF($D$4:$D$3228&"|"&$E$4:$E$3228&"|"&$F$4:$F$3228&"|"&$G$4:$G$3228&"|"&$H$4:$H$3228&"|"&$I$4:$I$3228,$L24&"|"&$M24&"|"&$N24&"|"&$O24&"|"&$P24&"|"&$Q24)} -> 3
A25: G0044591.JPG | B25: NO | M25: 2 | R25: {=COUNTIF($D$4:$D$3228&"|"&$E$4:$E$3228&"|"&$F$4:$F$3228&"|"&$G$4:$G$3228&"|"&$H$4:$H$3228&"|"&$I$4:$I$3228,$L25&"|"&$M25&"|"&$N25&"|"&$O25&"|"&$P25&"|"&$Q25)} -> 194
A26: G0044592.JPG | B26: NO | L26: 1 | N26: 9 | P26: 13 | R26: {=COUNTIF($D$4:$D$3228&"|"&$E$4:$E$3228&"|"&$F$4:$F$3228&"|"&$G$4:$G$3228&"|"&$H$4:$H$3228&"|"&$I$4:$I$3228,$L26&"|"&$M26&"|"&$N26&"|"&$O26&"|"&$P26&"|"&$Q26)} -> 3
A27: G0044593.JPG | B27: NO | R27: =SUm(R6:R26) -> 1064
A28: G0044594.JPG | B28: NO | R28: =C2 -> 1064
A29: G0044595.JPG | B29: NO
A30: G0044596.JPG | B30: NO
A31: G0044597.JPG | B31: NO
A32: G0044598.JPG | B32: NO
A33: G0044599.JPG | B33: NO
A34: G0044600.JPG | B34: NO
A35: G0044601.JPG | B35: NO
A36: G0044602.JPG | B36: NO
A37: G0044603.JPG | B37: NO
A38: G0044604.JPG | B38: NO
A39: G0044605.JPG | B39: NO
A40: G0044606.JPG | B40: NO
... A292: G0044858.JPG | B292: NO
A293: G0044859.JPG | B293: YES | C293: 1 | G293: 10
A294: G0044860.JPG | B294: YES | C294: 1 | G294: 10
A295: G0044861.JPG | B295: YES | C295: 1 | G295: 10
A296: G0044862.JPG | B296: YES | C296: 1 | G296: 10
A297: G0044863.JPG | B297: YES | C297: 1 | G297: 10
A298: G0044864.JPG | B298: YES | C298: 1 | G298: 10
A299: G0044865.JPG | B299: YES | C299: 1 | G299: 10
A300: G0044866.JPG | B300: YES | C300: 1 | G300: 10
A301: G0044867.JPG | B301: YES | C301: 1 | G301: 10
A302: G0044868.JPG | B302: YES | C302: 1 | G302: 10
A303: G0044869.JPG | B303: YES | C303: 1 | G303: 10
A304: G0044870.JPG | B304: YES | C304: 1 | G304: 10
... A327: G0044893.JPG | B327: YES | C327: 1 | G327: 10
A328: G0044894.JPG | B328: NO
A329: G0044895.JPG | B329: NO
A330: G0044896.JPG | B330: NO
A331: G0044897.JPG | B331: NO
A332: G0044898.JPG | B332: NO
A333: G0044899.JPG | B333: NO
A334: G0044900.JPG | B334: NO
A335: G0044901.JPG | B335: NO
A336: G0044902.JPG | B336: NO
A337: G0044903.JPG | B337: NO
A338: G0044904.JPG | B338: NO
A339: G0044905.JPG | B339: NO
... A387: G0044953.JPG | B387: NO
A388: G0044954.JPG | B388: YES | C388: 1 | G388: 10
A389: G0044955.JPG | B389: YES | C389: 1 | G389: 10
A390: G0044956.JPG | B390: YES | C390: 1 | G390: 10
A391: G0044957.JPG | B391: YES | C391: 1 | G391: 10
A392: G0044958.JPG | B392: YES | C392: 1 | G392: 10
A393: G0044959.JPG | B393: YES | C393: 1 | G393: 10
A394: G0044960.JPG | B394: YES | C394: 1 | G394: 10
A395: G0044961.JPG | B395: YES | C395: 1 | G395: 10
A396: G0044962.JPG | B396: YES | C396: 1 | G396: 10
A397: G0044963.JPG | B397: YES | C397: 1 | G397: 10
A398: G0044964.JPG | B398: YES | C398: 1 | G398: 10
A399: G0044965.JPG | B399: YES | C399: 1 | G399: 10
... A405: G0044971.JPG | B405: YES | C405: 1 | G405: 10
A406: G0044972.JPG | B406: NO
A407: G0044973.JPG | B407: NO
A408: G0044974.JPG | B408: NO
A409: G0044975.JPG | B409: NO
A410: G0044976.JPG | B410: NO
A411: G0044977.JPG | B411: NO
A412: G0044978.JPG | B412: NO
A413: G0044979.JPG | B413: NO
A414: G0044980.JPG | B414: NO
A415: G0044981.JPG | B415: NO
A416: G0044982.JPG | B416: NO
A417: G0044983.JPG | B417: NO
... A433: G0044999.JPG | B433: NO
A434: G0045000.JPG | B434: YES | C434: 1 | G434: 10
A435: G0045001.JPG | B435: YES | C435: 1 | G435: 10
A436: G0045002.JPG | B436: YES | C436: 1 | G436: 10
A437: G0045003.JPG | B437: YES | C437: 1 | G437: 10
A438: G0045004.JPG | B438: YES | C438: 1 | G438: 10
A439: G0045005.JPG | B439: YES | C439: 1 | G439: 10
A440: G0045006.JPG | B440: YES | C440: 1 | G440: 10
...

Sheet NI202409_CAP-EC_D02
A1: The Nice Cape East Cove | B1: Département : | C1: Alpes Maritimes | D1: Ville : | E1: Nice | F1: Site : | G1: Cap de Nice, These | H1: Date : | I1: 45560 | J1: ID : | K1: NI202409_CAP-EC_D02 | L1: Camera : | M1: GoPro H9 | N1: NB Img : | O1: =COUNTA(A4:A4979)-COUNTIF(B:B,"TRAVEL BACK")-COUNTIF(B:B,"COLOR SAMPLE")-COUNTIF(B:B,"TRASH") -> 2775
A2: Stats | B2: Img avec mire(s) : | C2: =COUNTIF(B4:B7474,"YES") -> 1210 | D2: 1 M : | E2: =COUNTIF(C4:C7474,"1") -> 572 | F2: 2 M : | G2: =COUNTIF(C4:C7474,"2") -> 325 | H2: 3 M : | I2: =COUNTIF(C4:C7474,"3") -> 202 | J2: 4 M : | K2: =COUNTIF(C4:C7474,"4") -> 60 | L2: 5 M : | M2: =COUNTIF(C4:C7474,"5") -> 54 | N2: 6 M : | O2: =COUNTIF(C4:C7474,"6") -> 0 | P2: X Ms : | Q2: =G2+I2+K2+M2+O2 -> 641
A3: Images name | B3: Mire ? | C3: Quantité | D3: M1 | E3: M2 | F3: M9 | G3: M10 | H3: M13 | I3: M15 | J3: M1 occ: | K3: =COUNTIF(D4:J7474,"1") -> 257 | L3: M2 occ: | M3: =COUNTIF(D4:J7474,"2") -> 362 | N3: M9 occ: | O3: =COUNTIF(D4:J7474,"9") -> 566 | P3: M10 occ: | Q3: =COUNTIF(D4:J7474,"10") -> 286 | R3: M13 occ: | S3: =COUNTIF(D4:J7474,"13") -> 606 | T3: M15 occ: | U3: =COUNTIF(D4:J7474,"15") -> 261
A4: G0019167.JPG | B4: TRASH | L4: Combinaisons visibles de mires sur les images
A5: G0019168.JPG | B5: TRASH | L5: {=UNIQUE(D4:I4979)}
A6: G0019169.JPG | B6: TRASH | O6: 10 | R6: {=COUNTIF($D$4:$D$3228&"|"&$E$4:$E$3228&"|"&$F$4:$F$3228&"|"&$G$4:$G$3228&"|"&$H$4:$H$3228&"|"&$I$4:$I$3228,$L6&"|"&$M6&"|"&$N6&"|"&$O6&"|"&$P6&"|"&$Q6)} -> 225 | V6: M1 | W6: M2 | X6: M9 | Y6: M10 | Z6: M13 | AA6: M15
A7: G0019170.JPG | B7: TRASH | N7: 9 | O7: 10 | R7: {=COUNTIF($D$4:$D$3228&"|"&$E$4:$E$3228&"|"&$F$4:$F$3228&"|"&$G$4:$G$3228&"|"&$H$4:$H$3228&"|"&$I$4:$I$3228,$L7&"|"&$M7&"|"&$N7&"|"&$O7&"|"&$P7&"|"&$Q7)} -> 34 | U7: M1 | W7: {=SUM((MMULT(--(L6:Q26=1),TRANSPOSE(COLUMN(L6:Q6)^0))>0)*(MMULT(--(L6:Q26=2),TRANSPOSE(COLUMN(L6:Q6)^0))>0)*R6:R26)} -> 62 | X7: {=SUM((MMULT(--(L6:Q26=1),TRANSPOSE(COLUMN(L6:Q6)^0))>0)*(MMULT(--(L6:Q26=9),TRANSPOSE(COLUMN(L6:Q6)^0))>0)*R6:R26)} -> 103 | Y7: {=SUM((MMULT(--(L6:Q26=1),TRANSPOSE(COLUMN(L6:Q6)^0))>0)*(MMULT(--(L6:Q26=10),TRANSPOSE(COLUMN(L6:Q6)^0))>0)*R6:R26)} -> 0 | Z7: {=SUM((MMULT(--(L6:Q26=1),TRANSPOSE(COLUMN(L6:Q6)^0))>0)*(MMULT(--(L6:Q26=13),TRANSPOSE(COLUMN(L6:Q6)^0))>0)*R6:R26)} -> 139 | AA7: {=SUM((MMULT(--(L6:Q26=1),TRANSPOSE(COLUMN(L6:Q6)^0))>0)*(MMULT(--(L6:Q26=15),TRANSPOSE(COLUMN(L6:Q6)^0))>0)*R6:R26)} -> 149
A8: G0019171.JPG | B8: TRASH | N8: 9 | R8: {=COUNTIF($D$4:$D$3228&"|"&$E$4:$E$3228&"|"&$F$4:$F$3228&"|"&$G$4:$G$3228&"|"&$H$4:$H$3228&"|"&$I$4:$I$3228,$L8&"|"&$M8&"|"&$N8&"|"&$O8&"|"&$P8&"|"&$Q8)} -> 109 | U8: M2 | X8: {=SUM((MMULT(--(L6:Q26=2),TRANSPOSE(COLUMN(L6:Q6)^0))>0)*(MMULT(--(L6:Q26=9),TRANSPOSE(COLUMN(L6:Q6)^0))>0)*R6:R26)} -> 175 | Y8: {=SUM((MMULT(--(L6:Q26=2),TRANSPOSE(COLUMN(L6:Q6)^0))>0)*(MMULT(--(L6:Q26=10),TRANSPOSE(COLUMN(L6:Q6)^0))>0)*R6:R26)} -> 0 | Z8: {=SUM((MMULT(--(L6:Q26=2),TRANSPOSE(COLUMN(L6:Q6)^0))>0)*(MMULT(--(L6:Q26=13),TRANSPOSE(COLUMN(L6:Q6)^0))>0)*R6:R26)} -> 283 | AA8: {=SUM((MMULT(--(L6:Q26=2),TRANSPOSE(COLUMN(L6:Q6)^0))>0)*(MMULT(--(L6:Q26=15),TRANSPOSE(COLUMN(L6:Q6)^0))>0)*R6:R26)} -> 54
A9: G0019172.JPG | B9: TRASH | N9: 9 | Q9: 15 | R9: {=COUNTIF($D$4:$D$3228&"|"&$E$4:$E$3228&"|"&$F$4:$F$3228&"|"&$G$4:$G$3228&"|"&$H$4:$H$3228&"|"&$I$4:$I$3228,$L9&"|"&$M9&"|"&$N9&"|"&$O9&"|"&$P9&"|"&$Q9)} -> 16 | U9: M9 | Y9: {=SUM((MMULT(--(L6:Q26=9),TRANSPOSE(COLUMN(L6:Q6)^0))>0)*(MMULT(--(L6:Q26=10),TRANSPOSE(COLUMN(L6:Q6)^0))>0)*R6:R26)} -> 61 | Z9: {=SUM((MMULT(--(L6:Q26=9),TRANSPOSE(COLUMN(L6:Q6)^0))>0)*(MMULT(--(L6:Q26=13),TRANSPOSE(COLUMN(L6:Q6)^0))>0)*R6:R26)} -> 354 | AA9: {=SUM((MMULT(--(L6:Q26=9),TRANSPOSE(COLUMN(L6:Q6)^0))>0)*(MMULT(--(L6:Q26=15),TRANSPOSE(COLUMN(L6:Q6)^0))>0)*R6:R26)} -> 176
A10: G0019173.JPG | B10: TRASH | N10: 9 | O10: 10 | Q10: 15 | R10: {=COUNTIF($D$4:$D$3228&"|"&$E$4:$E$3228&"|"&$F$4:$F$3228&"|"&$G$4:$G$3228&"|"&$H$4:$H$3228&"|"&$I$4:$I$3228,$L10&"|"&$M10&"|"&$N10&"|"&$O10&"|"&$P10&"|"&$Q10)} -> 27 | U10: M10 | Z10: {=SUM((MMULT(--(L6:Q26=10),TRANSPOSE(COLUMN(L6:Q6)^0))>0)*(MMULT(--(L6:Q26=13),TRANSPOSE(COLUMN(L6:Q6)^0))>0)*R6:R26)} -> 0 | AA10: {=SUM((MMULT(--(L6:Q26=10),TRANSPOSE(COLUMN(L6:Q6)^0))>0)*(MMULT(--(L6:Q26=15),TRANSPOSE(COLUMN(L6:Q6)^0))>0)*R6:R26)} -> 27
A11: G0019174.JPG | B11: TRASH | N11: 9 | P11: 13 | R11: {=COUNTIF($D$4:$D$3228&"|"&$E$4:$E$3228&"|"&$F$4:$F$3228&"|"&$G$4:$G$3228&"|"&$H$4:$H$3228&"|"&$I$4:$I$3228,$L11&"|"&$M11&"|"&$N11&"|"&$O11&"|"&$P11&"|"&$Q11)} -> 100 | U11: M13 | AA11: {=SUM((MMULT(--(L6:Q26=13),TRANSPOSE(COLUMN(L6:Q6)^0))>0)*(MMULT(--(L6:Q26=15),TRANSPOSE(COLUMN(L6:Q6)^0))>0)*R6:R26)} -> 152
A12: G0019175.JPG | B12: TRASH | P12: 13 | Q12: 15 | R12: {=COUNTIF($D$4:$D$3228&"|"&$E$4:$E$3228&"|"&$F$4:$F$3228&"|"&$G$4:$G$3228&"|"&$H$4:$H$3228&"|"&$I$4:$I$3228,$L12&"|"&$M12&"|"&$N12&"|"&$O12&"|"&$P12&"|"&$Q12)} -> 1 | U12: M15
A13: G0019176.JPG | B13: TRASH | N13: 9 | P13: 13 | Q13: 15 | R13: {=COUNTIF($D$4:$D$3228&"|"&$E$4:$E$3228&"|"&$F$4:$F$3228&"|"&$G$4:$G$3228&"|"&$H$4:$H$3228&"|"&$I$4:$I$3228,$L13&"|"&$M13&"|"&$N13&"|"&$O13&"|"&$P13&"|"&$Q13)} -> 39
A14: G0019177.JPG | B14: TRASH | L14: 1 | N14: 9 | P14: 13 | Q14: 15 | R14: {=COUNTIF($D$4:$D$3228&"|"&$E$4:$E$3228&"|"&$F$4:$F$3228&"|"&$G$4:$G$3228&"|"&$H$4:$H$3228&"|"&$I$4:$I$3228,$L14&"|"&$M14&"|"&$N14&"|"&$O14&"|"&$P14&"|"&$Q14)} -> 40
A15: G0019178.JPG | B15: TRASH | L15: 1 | M15: 2 | N15: 9 | P15: 13 | Q15: 15 | R15: {=COUNTIF($D$4:$D$3228&"|"&$E$4:$E$3228&"|"&$F$4:$F$3228&"|"&$G$4:$G$3228&"|"&$H$4:$H$3228&"|"&$I$4:$I$3228,$L15&"|"&$M15&"|"&$N15&"|"&$O15&"|"&$P15&"|"&$Q15)} -> 54
A16: G0019179.JPG | B16: TRASH | P16: 13 | R16: {=COUNTIF($D$4:$D$3228&"|"&$E$4:$E$3228&"|"&$F$4:$F$3228&"|"&$G$4:$G$3228&"|"&$H$4:$H$3228&"|"&$I$4:$I$3228,$L16&"|"&$M16&"|"&$N16&"|"&$O16&"|"&$P16&"|"&$Q16)} -> 93
A17: G0019180.JPG | B17: TRASH | M17: 2 | P17: 13 | R17: {=COUNTIF($D$4:$D$3228&"|"&$E$4:$E$3228&"|"&$F$4:$F$3228&"|"&$G$4:$G$3228&"|"&$H$4:$H$3228&"|"&$I$4:$I$3228,$L17&"|"&$M17&"|"&$N17&"|"&$O17&"|"&$P17&"|"&$Q17)} -> 108
A18: G0019181.JPG | B18: TRASH | M18: 2 | N18: 9 | P18: 13 | R18: {=COUNTIF($D$4:$D$3228&"|"&$E$4:$E$3228&"|"&$F$4:$F$3228&"|"&$G$4:$G$3228&"|"&$H$4:$H$3228&"|"&$I$4:$I$3228,$L18&"|"&$M18&"|"&$N18&"|"&$O18&"|"&$P18&"|"&$Q18)} -> 113
A19: G0019182.JPG | B19: TRASH | L19: 1 | R19: {=COUNTIF($D$4:$D$3228&"|"&$E$4:$E$3228&"|"&$F$4:$F$3228&"|"&$G$4:$G$3228&"|"&$H$4:$H$3228&"|"&$I$4:$I$3228,$L19&"|"&$M19&"|"&$N19&"|"&$O19&"|"&$P19&"|"&$Q19)} -> 75
A20: G0019183.JPG | B20: TRASH | L20: 1 | Q20: 15 | R20: {=COUNTIF($D$4:$D$3228&"|"&$E$4:$E$3228&"|"&$F$4:$F$3228&"|"&$G$4:$G$3228&"|"&$H$4:$H$3228&"|"&$I$4:$I$3228,$L20&"|"&$M20&"|"&$N20&"|"&$O20&"|"&$P20&"|"&$Q20)} -> 37
A21: G0019184.JPG | B21: TRASH | L21: 1 | P21: 13 | Q21: 15 | R21: {=COUNTIF($D$4:$D$3228&"|"&$E$4:$E$3228&"|"&$F$4:$F$3228&"|"&$G$4:$G$3228&"|"&$H$4:$H$3228&"|"&$I$4:$I$3228,$L21&"|"&$M21&"|"&$N21&"|"&$O21&"|"&$P21&"|"&$Q21)} -> 18
A22: G0019185.JPG | B22: TRASH | L22: 1 | P22: 13 | R22: {=COUNTIF($D$4:$D$3228&"|"&$E$4:$E$3228&"|"&$F$4:$F$3228&"|"&$G$4:$G$3228&"|"&$H$4:$H$3228&"|"&$I$4:$I$3228,$L22&"|"&$M22&"|"&$N22&"|"&$O22&"|"&$P22&"|"&$Q22)} -> 19
A23: G0019186.JPG | B23: TRASH | L23: 1 | N23: 9 | R23: {=COUNTIF($D$4:$D$3228&"|"&$E$4:$E$3228&"|"&$F$4:$F$3228&"|"&$G$4:$G$3228&"|"&$H$4:$H$3228&"|"&$I$4:$I$3228,$L23&"|"&$M23&"|"&$N23&"|"&$O23&"|"&$P23&"|"&$Q23)} -> 1
A24: G0019187.JPG | B24: NO | Q24: 15 | R24: {=COUNTIF($D$4:$D$3228&"|"&$E$4:$E$3228&"|"&$F$4:$F$3228&"|"&$G$4:$G$3228&"|"&$H$4:$H$3228&"|"&$I$4:$I$3228,$L24&"|"&$M24&"|"&$N24&"|"&$O24&"|"&$P24&"|"&$Q24)} -> 13
A25: G0019188.JPG | B25: NO | M25: 2 | R25: {=COUNTIF($D$4:$D$3228&"|"&$E$4:$E$3228&"|"&$F$4:$F$3228&"|"&$G$4:$G$3228&"|"&$H$4:$H$3228&"|"&$I$4:$I$3228,$L25&"|"&$M25&"|"&$N25&"|"&$O25&"|"&$P25&"|"&$Q25)} -> 57
A26: G0019189.JPG | B26: NO | L26: 1 | M26: 2 | N26: 9 | P26: 13 | R26: {=COUNTIF($D$4:$D$3228&"|"&$E$4:$E$3228&"|"&$F$4:$F$3228&"|"&$G$4:$G$3228&"|"&$H$4:$H$3228&"|"&$I$4:$I$3228,$L26&"|"&$M26&"|"&$N26&"|"&$O26&"|"&$P26&"|"&$Q26)} -> 8
A27: G0019190.JPG | B27: NO | M27: 2 | N27: 9 | R27: {=COUNTIF($D$4:$D$3228&"|"&$E$4:$E$3228&"|"&$F$4:$F$3228&"|"&$G$4:$G$3228&"|"&$H$4:$H$3228&"|"&$I$4:$I$3228,$L27&"|"&$M27&"|"&$N27&"|"&$O27&"|"&$P27&"|"&$Q27)} -> 9
A28: G0019191.JPG | B28: NO | M28: 2 | N28: 9 | P28: 13 | Q28: 15 | R28: {=COUNTIF($D$4:$D$3228&"|"&$E$4:$E$3228&"|"&$F$4:$F$3228&"|"&$G$4:$G$3228&"|"&$H$4:$H$3228&"|"&$I$4:$I$3228,$L28&"|"&$M28&"|"&$N28&"|"&$O28&"|"&$P28&"|"&$Q28)} -> 12
A29: G0019192.JPG | B29: NO | L29: 1 | M29: 2 | P29: 13 | R29: {=COUNTIF($D$4:$D$3228&"|"&$E$4:$E$3228&"|"&$F$4:$F$3228&"|"&$G$4:$G$3228&"|"&$H$4:$H$3228&"|"&$I$4:$I$3228,$L29&"|"&$M29&"|"&$N29&"|"&$O29&"|"&$P29&"|"&$Q29)} -> 1
A30: G0019193.JPG | B30: NO | L30: 1 | N30: 9 | Q30: 15 | R30: {=COUNTIF($D$4:$D$3228&"|"&$E$4:$E$3228&"|"&$F$4:$F$3228&"|"&$G$4:$G$3228&"|"&$H$4:$H$3228&"|"&$I$4:$I$3228,$L30&"|"&$M30&"|"&$N30&"|"&$O30&"|"&$P30&"|"&$Q30)} -> 4
A31: G0019194.JPG | B31: NO | R31: =SUm(R6:R30) -> 1213
A32: G0019195.JPG | B32: NO | R32: =C2 -> 1210
A33: G0019196.JPG | B33: NO
A34: G0019197.JPG | B34: NO
A35: G0019198.JPG | B35: NO
A36: G0019199.JPG | B36: NO
A37: G0019200.JPG | B37: NO
A38: G0019201.JPG | B38: YES | C38: 1 | G38: 10
A39: G0019202.JPG | B39: YES | C39: 1 | G39: 10
A40: G0019203.JPG | B40: YES | C40: 1 | G40: 10
A41: G0019204.JPG | B41: YES | C41: 1 | G41: 10
A42: G0019205.JPG | B42: YES | C42: 1 | G42: 10
A43: G0019206.JPG | B43: YES | C43: 1 | G43: 10
A44: G0019207.JPG | B44: YES | C44: 1 | G44: 10
A45: G0019208.JPG | B45: YES | C45: 1 | G45: 10
A46: G0019209.JPG | B46: YES | C46: 1 | G46: 10
A47: G0019210.JPG | B47: YES | C47: 1 | G47: 10
A48: G0019211.JPG | B48: YES | C48: 1 | G48: 10
A49: G0019212.JPG | B49: YES | C49: 1 | G49: 10
... A93: G0019256.JPG | B93: YES | C93: 1 | G93: 10
A94: G0019257.JPG | B94: NO
A95: G0019258.JPG | B95: NO
A96: G0019259.JPG | B96: NO
A97: G0019260.JPG | B97: NO
A98: G0019261.JPG | B98: NO
A99: G0019262.JPG | B99: NO
A100: G0019263.JPG | B100: NO
A101: G0019264.JPG | B101: NO
A102: G0019265.JPG | B102: NO
A103: G0019266.JPG | B103: NO
A104: G0019267.JPG | B104: NO
A105: G0019268.JPG | B105: NO
... A147: G0019310.JPG | B147: NO
A148: G0019311.JPG | B148: YES | C148: 1 | G148: 10
A149: G0019312.JPG | B149: YES | C149: 1 | G149: 10
A150: G0019313.JPG | B150: YES | C150: 1 | G150: 10
A151: G0019314.JPG | B151: YES | C151: 1 | G151: 10
A152: G0019315.JPG | B152: YES | C152: 1 | G152: 10
A153: G0019316.JPG | B153: YES | C153: 1 | G153: 10
A154: G0019317.JPG | B154: YES | C154: 1 | G154: 10 | J154: COLORCHECKER
A155: G0019318.JPG | B155: YES | C155: 2 | F155: 9 | G155: 10 | J155: COLORCHECKER
A156: G0019319.JPG | B156: YES | C156: 2 | F156: 9 | G156: 10 | J156: COLORCHECKER
A157: G0019320.JPG | B157: YES | C157: 2 | F157: 9 | G157: 10 | J157: COLORCHECKER
A158: G0019321.JPG | B158: YES | C158: 2 | F158: 9 | G158: 10 | J158: COLORCHECKER
A159: G0019322.JPG | B159: YES | C159: 2 | F159: 9 | G159: 10 | J159: COLORCHECKER
A160: G0019323.JPG | B160: YES | C160: 1 | F160: 9 | J160: COLORCHECKER
A161: G0019324.JPG | B161: NO | J161: COLORCHECKER
A162: G0019325.JPG | B162: NO | J162: COLORCHECKER
A163: G0019326.JPG | B163: YES | C163: 1 | F163: 9 | J163: COLORCHECKER
A164: G0019327.JPG | B164: YES | C164: 2 | F164: 9 | I164: 15 | J164: COLORCHECKER
A165: G0019328.JPG | B165: YES | C165: 2 | F165: 9 | I165: 15 | J165: COLORCHECKER
A166: G0019329.JPG | B166: YES | C166: 3 | F166: 9 | G166: 10 | I166: 15 | J166: COLORCHECKER
A167: G0019330.JPG | B167: YES | C167: 3 | F167: 9 | G167: 10 | I167: 15 | J167: COLORCHECKER
A168: G0019331.JPG | B168: YES | C168: 3 | F168: 9 | G168: 10 | I168: 15 | J168: COLORCHECKER
A169: G0019332.JPG | B169: YES | C169: 2 | F169: 9 | G169: 10 | J169: COLORCHECKER
A170: G0019333.JPG | B170: YES | C170: 2 | F170: 9 | G170: 10 | J170: COLORCHECKER
A171: G0019334.JPG | B171: YES | C171: 2 | F171: 9 | G171: 10 | J171: COLORCHECKER
A172: G0019335.JPG | B172: YES | C172: 2 | F172: 9 | G172: 10 | J172: COLORCHECKER
A173: G0019336.JPG | B173: YES | C173: 2 | F173: 9 | G173: 10 | J173: COLORCHECKER
A174: G0019337.JPG | B174: YES | C174: 2 | F174: 9 | G174: 10 | J174: COLORCHECKER
A175: G0019338.JPG | B175: YES | C175: 2 | F175: 9 | G175: 10 | J175: COLORCHECKER
A176: G0019339.JPG | B176: YES | C176: 2 | F176: 9 | G176: 10 | J176: COLORCHECKER
A177: G0019340.JPG | B177: YES | C177: 2 | F177: 9 | G177: 10 | J177: COLORCHECKER
A178: G0019341.JPG | B178: YES | C178: 2 | F178: 9 | G178: 10 | J178: COLORCHECKER
A179: G0019342.JPG | B179: YES | C179: 2 | F179: 9 | G179: 10 | J179: COLORCHECKER
A180: G0019343.JPG | B180: YES | C180: 2 | F180: 9 | G180: 10 | J180: COLORCHECKER
A181: G0019344.JPG | B181: YES | C181: 1 | G181: 10 | J181: COLORCHECKER
A182: G0019345.JPG | B182: YES | C182: 2 | F182: 9 | G182: 10 | J182: COLORCHECKER
A183: G0019346.JPG | B183: YES | C183: 1 | G183: 10 | J183: COLORCHECKER
A184: G0019347.JPG | B184: YES | C184: 1 | G184: 10 | J184: COLORCHECKER
...

Sheet NI202409_CAP-EC_D03
A1: The Nice Cape East Cove | B1: Département : | C1: Alpes Maritimes | D1: Ville : | E1: Nice | F1: Site : | G1: Cap de Nice, These | H1: Date : | I1: 45560 | J1: ID : | K1: NI202409_CAP-EC_D03 | L1: Camera : | M1: Picam V3 wide (R3 - Rack Cata) | N1: NB Img : | O1: =COUNTA(A4:A5262)-COUNTIF(B:B,"TRAVEL BACK")-COUNTIF(B:B,"COLOR SAMPLE")-COUNTIF(B:B,"TRASH") -> 1262
A2: Stats | B2: Img avec mire(s) : | C2: =COUNTIF(B4:B7757,"YES") -> 279 | D2: 1 M : | E2: =COUNTIF(C4:C7757,"1") -> 228 | F2: 2 M : | G2: =COUNTIF(C4:C7757,"2") -> 20 | H2: 3 M : | I2: =COUNTIF(C4:C7757,"3") -> 21 | J2: 4 M : | K2: =COUNTIF(C4:C7757,"4") -> 9 | L2: 5 M : | M2: =COUNTIF(C4:C7757,"5") -> 1 | N2: 6 M : | O2: =COUNTIF(C4:C7757,"6") -> 0 | P2: X Ms : | Q2: =G2+I2+K2+M2+O2 -> 51
A3: Images name | B3: Mire ? | C3: Quantité | D3: M1 | E3: M2 | F3: M9 | G3: M10 | H3: M13 | I3: M15 | J3: M1 occ: | K3: =COUNTIF(D4:J7757,"1") -> 79 | L3: M2 occ: | M3: =COUNTIF(D4:J7757,"2") -> 66 | N3: M9 occ: | O3: =COUNTIF(D4:J7757,"9") -> 61 | P3: M10 occ: | Q3: =COUNTIF(D4:J7757,"10") -> 36 | R3: M13 occ: | S3: =COUNTIF(D4:J7757,"13") -> 79 | T3: M15 occ: | U3: =COUNTIF(D4:J7757,"15") -> 51
A4: 23-09-24-181335.042-00.jpg | B4: YES | C4: 1 | D4: 1 | L4: Combinaisons visibles de mires sur les images
A5: 23-09-24-181336.900-01.jpg | B5: YES | C5: 1 | D5: 1 | L5: {=UNIQUE(D4:I4979)} -> 1 | R5: {=COUNTIF($D$4:$D$3228&"|"&$E$4:$E$3228&"|"&$F$4:$F$3228&"|"&$G$4:$G$3228&"|"&$H$4:$H$3228&"|"&$I$4:$I$3228,$L5&"|"&$M5&"|"&$N5&"|"&$O5&"|"&$P5&"|"&$Q5)} -> 61
A6: 23-09-24-181338.757-02.jpg | B6: YES | C6: 1 | D6: 1 | V6: M1 | W6: M2 | X6: M9 | Y6: M10 | Z6: M13 | AA6: M15
A7: 23-09-24-181340.624-03.jpg | B7: YES | C7: 1 | D7: 1 | Q7: 15 | R7: {=COUNTIF($D$4:$D$3228&"|"&$E$4:$E$3228&"|"&$F$4:$F$3228&"|"&$G$4:$G$3228&"|"&$H$4:$H$3228&"|"&$I$4:$I$3228,$L7&"|"&$M7&"|"&$N7&"|"&$O7&"|"&$P7&"|"&$Q7)} -> 23 | U7: M1 | W7: {=SUM((MMULT(--(L6:Q26=1),TRANSPOSE(COLUMN(L6:Q6)^0))>0)*(MMULT(--(L6:Q26=2),TRANSPOSE(COLUMN(L6:Q6)^0))>0)*R6:R26)} -> 2 | X7: {=SUM((MMULT(--(L6:Q26=1),TRANSPOSE(COLUMN(L6:Q6)^0))>0)*(MMULT(--(L6:Q26=9),TRANSPOSE(COLUMN(L6:Q6)^0))>0)*R6:R26)} -> 5 | Y7: {=SUM((MMULT(--(L6:Q26=1),TRANSPOSE(COLUMN(L6:Q6)^0))>0)*(MMULT(--(L6:Q26=10),TRANSPOSE(COLUMN(L6:Q6)^0))>0)*R6:R26)} -> 0 | Z7: {=SUM((MMULT(--(L6:Q26=1),TRANSPOSE(COLUMN(L6:Q6)^0))>0)*(MMULT(--(L6:Q26=13),TRANSPOSE(COLUMN(L6:Q6)^0))>0)*R6:R26)} -> 12 | AA7: {=SUM((MMULT(--(L6:Q26=1),TRANSPOSE(COLUMN(L6:Q6)^0))>0)*(MMULT(--(L6:Q26=15),TRANSPOSE(COLUMN(L6:Q6)^0))>0)*R6:R26)} -> 17
A8: 23-09-24-181342.480-04.jpg | B8: YES | C8: 1 | D8: 1 | O8: 10 | R8: {=COUNTIF($D$4:$D$3228&"|"&$E$4:$E$3228&"|"&$F$4:$F$3228&"|"&$G$4:$G$3228&"|"&$H$4:$H$3228&"|"&$I$4:$I$3228,$L8&"|"&$M8&"|"&$N8&"|"&$O8&"|"&$P8&"|"&$Q8)} -> 36 | U8: M2 | X8: {=SUM((MMULT(--(L6:Q26=2),TRANSPOSE(COLUMN(L6:Q6)^0))>0)*(MMULT(--(L6:Q26=9),TRANSPOSE(COLUMN(L6:Q6)^0))>0)*R6:R26)} -> 19 | Y8: {=SUM((MMULT(--(L6:Q26=2),TRANSPOSE(COLUMN(L6:Q6)^0))>0)*(MMULT(--(L6:Q26=10),TRANSPOSE(COLUMN(L6:Q6)^0))>0)*R6:R26)} -> 0 | Z8: {=SUM((MMULT(--(L6:Q26=2),TRANSPOSE(COLUMN(L6:Q6)^0))>0)*(MMULT(--(L6:Q26=13),TRANSPOSE(COLUMN(L6:Q6)^0))>0)*R6:R26)} -> 19 | AA8: {=SUM((MMULT(--(L6:Q26=2),TRANSPOSE(COLUMN(L6:Q6)^0))>0)*(MMULT(--(L6:Q26=15),TRANSPOSE(COLUMN(L6:Q6)^0))>0)*R6:R26)} -> 7
A9: 23-09-24-181344.346-05.jpg | B9: YES | C9: 1 | D9: 1 | N9: 9 | R9: {=COUNTIF($D$4:$D$3228&"|"&$E$4:$E$3228&"|"&$F$4:$F$3228&"|"&$G$4:$G$3228&"|"&$H$4:$H$3228&"|"&$I$4:$I$3228,$L9&"|"&$M9&"|"&$N9&"|"&$O9&"|"&$P9&"|"&$Q9)} -> 27 | U9: M9 | Y9: {=SUM((MMULT(--(L6:Q26=9),TRANSPOSE(COLUMN(L6:Q6)^0))>0)*(MMULT(--(L6:Q26=10),TRANSPOSE(COLUMN(L6:Q6)^0))>0)*R6:R26)} -> 0 | Z9: {=SUM((MMULT(--(L6:Q26=9),TRANSPOSE(COLUMN(L6:Q6)^0))>0)*(MMULT(--(L6:Q26=13),TRANSPOSE(COLUMN(L6:Q6)^0))>0)*R6:R26)} -> 29 | AA9: {=SUM((MMULT(--(L6:Q26=9),TRANSPOSE(COLUMN(L6:Q6)^0))>0)*(MMULT(--(L6:Q26=15),TRANSPOSE(COLUMN(L6:Q6)^0))>0)*R6:R26)} -> 16
A10: 23-09-24-181346.207-06.jpg | B10: YES | C10: 1 | D10: 1 | N10: 9 | P10: 13 | Q10: 15 | R10: {=COUNTIF($D$4:$D$3228&"|"&$E$4:$E$3228&"|"&$F$4:$F$3228&"|"&$G$4:$G$3228&"|"&$H$4:$H$3228&"|"&$I$4:$I$3228,$L10&"|"&$M10&"|"&$N10&"|"&$O10&"|"&$P10&"|"&$Q10)} -> 6 | U10: M10 | Z10: {=SUM((MMULT(--(L6:Q26=10),TRANSPOSE(COLUMN(L6:Q6)^0))>0)*(MMULT(--(L6:Q26=13),TRANSPOSE(COLUMN(L6:Q6)^0))>0)*R6:R26)} -> 0 | AA10: {=SUM((MMULT(--(L6:Q26=10),TRANSPOSE(COLUMN(L6:Q6)^0))>0)*(MMULT(--(L6:Q26=15),TRANSPOSE(COLUMN(L6:Q6)^0))>0)*R6:R26)} -> 0
A11: 23-09-24-181348.056-07.jpg | B11: YES | C11: 1 | D11: 1 | L11: 1 | N11: 9 | P11: 13 | Q11: 15 | R11: {=COUNTIF($D$4:$D$3228&"|"&$E$4:$E$3228&"|"&$F$4:$F$3228&"|"&$G$4:$G$3228&"|"&$H$4:$H$3228&"|"&$I$4:$I$3228,$L11&"|"&$M11&"|"&$N11&"|"&$O11&"|"&$P11&"|"&$Q11)} -> 4 | U11: M13 | AA11: {=SUM((MMULT(--(L6:Q26=13),TRANSPOSE(COLUMN(L6:Q6)^0))>0)*(MMULT(--(L6:Q26=15),TRANSPOSE(COLUMN(L6:Q6)^0))>0)*R6:R26)} -> 21
A12: 23-09-24-181349.916-08.jpg | B12: YES | C12: 1 | D12: 1 | L12: 1 | Q12: 15 | R12: {=COUNTIF($D$4:$D$3228&"|"&$E$4:$E$3228&"|"&$F$4:$F$3228&"|"&$G$4:$G$3228&"|"&$H$4:$H$3228&"|"&$I$4:$I$3228,$L12&"|"&$M12&"|"&$N12&"|"&$O12&"|"&$P12&"|"&$Q12)} -> 6 | U12: M15
A13: 23-09-24-181351.762-09.jpg | B13: YES | C13: 1 | D13: 1 | L13: 1 | P13: 13 | Q13: 15 | R13: {=COUNTIF($D$4:$D$3228&"|"&$E$4:$E$3228&"|"&$F$4:$F$3228&"|"&$G$4:$G$3228&"|"&$H$4:$H$3228&"|"&$I$4:$I$3228,$L13&"|"&$M13&"|"&$N13&"|"&$O13&"|"&$P13&"|"&$Q13)} -> 5
A14: 23-09-24-181353.630-10.jpg | B14: YES | C14: 1 | D14: 1 | L14: 1 | M14: 2 | P14: 13 | Q14: 15 | R14: {=COUNTIF($D$4:$D$3228&"|"&$E$4:$E$3228&"|"&$F$4:$F$3228&"|"&$G$4:$G$3228&"|"&$H$4:$H$3228&"|"&$I$4:$I$3228,$L14&"|"&$M14&"|"&$N14&"|"&$O14&"|"&$P14&"|"&$Q14)} -> 1
A15: 23-09-24-181355.490-11.jpg | B15: YES | C15: 1 | D15: 1 | L15: 1 | M15: 2 | N15: 9 | P15: 13 | Q15: 15 | R15: {=COUNTIF($D$4:$D$3228&"|"&$E$4:$E$3228&"|"&$F$4:$F$3228&"|"&$G$4:$G$3228&"|"&$H$4:$H$3228&"|"&$I$4:$I$3228,$L15&"|"&$M15&"|"&$N15&"|"&$O15&"|"&$P15&"|"&$Q15)} -> 1
A16: 23-09-24-181357.354-12.jpg | B16: YES | C16: 1 | D16: 1 | M16: 2 | N16: 9 | P16: 13 | Q16: 15 | R16: {=COUNTIF($D$4:$D$3228&"|"&$E$4:$E$3228&"|"&$F$4:$F$3228&"|"&$G$4:$G$3228&"|"&$H$4:$H$3228&"|"&$I$4:$I$3228,$L16&"|"&$M16&"|"&$N16&"|"&$O16&"|"&$P16&"|"&$Q16)} -> 4
A17: 23-09-24-181359.224-13.jpg | B17: YES | C17: 1 | D17: 1 | M17: 2 | N17: 9 | P17: 13 | R17: {=COUNTIF($D$4:$D$3228&"|"&$E$4:$E$3228&"|"&$F$4:$F$3228&"|"&$G$4:$G$3228&"|"&$H$4:$H$3228&"|"&$I$4:$I$3228,$L17&"|"&$M17&"|"&$N17&"|"&$O17&"|"&$P17&"|"&$Q17)} -> 9
A18: 23-09-24-181401.092-14.jpg | B18: YES | C18: 1 | D18: 1 | N18: 9 | P18: 13 | R18: {=COUNTIF($D$4:$D$3228&"|"&$E$4:$E$3228&"|"&$F$4:$F$3228&"|"&$G$4:$G$3228&"|"&$H$4:$H$3228&"|"&$I$4:$I$3228,$L18&"|"&$M18&"|"&$N18&"|"&$O18&"|"&$P18&"|"&$Q18)} -> 5
A19: 23-09-24-181402.942-15.jpg | B19: YES | C19: 1 | D19: 1 | M19: 2 | N19: 9 | R19: {=COUNTIF($D$4:$D$3228&"|"&$E$4:$E$3228&"|"&$F$4:$F$3228&"|"&$G$4:$G$3228&"|"&$H$4:$H$3228&"|"&$I$4:$I$3228,$L19&"|"&$M19&"|"&$N19&"|"&$O19&"|"&$P19&"|"&$Q19)} -> 4
A20: 23-09-24-181404.792-16.jpg | B20: YES | C20: 1 | D20: 1 | P20: 13 | R20: {=COUNTIF($D$4:$D$3228&"|"&$E$4:$E$3228&"|"&$F$4:$F$3228&"|"&$G$4:$G$3228&"|"&$H$4:$H$3228&"|"&$I$4:$I$3228,$L20&"|"&$M20&"|"&$N20&"|"&$O20&"|"&$P20&"|"&$Q20)} -> 39
A21: 23-09-24-181406.654-17.jpg | B21: YES | C21: 1 | D21: 1 | M21: 2 | N21: 9 | Q21: 15 | R21: {=COUNTIF($D$4:$D$3228&"|"&$E$4:$E$3228&"|"&$F$4:$F$3228&"|"&$G$4:$G$3228&"|"&$H$4:$H$3228&"|"&$I$4:$I$3228,$L21&"|"&$M21&"|"&$N21&"|"&$O21&"|"&$P21&"|"&$Q21)} -> 1
A22: 23-09-24-181408.498-18.jpg | B22: YES | C22: 1 | D22: 1 | M22: 2 | P22: 13 | R22: {=COUNTIF($D$4:$D$3228&"|"&$E$4:$E$3228&"|"&$F$4:$F$3228&"|"&$G$4:$G$3228&"|"&$H$4:$H$3228&"|"&$I$4:$I$3228,$L22&"|"&$M22&"|"&$N22&"|"&$O22&"|"&$P22&"|"&$Q22)} -> 4
A23: 23-09-24-181410.351-19.jpg | B23: NO | L23: 1 | P23: 13 | R23: {=COUNTIF($D$4:$D$3228&"|"&$E$4:$E$3228&"|"&$F$4:$F$3228&"|"&$G$4:$G$3228&"|"&$H$4:$H$3228&"|"&$I$4:$I$3228,$L23&"|"&$M23&"|"&$N23&"|"&$O23&"|"&$P23&"|"&$Q23)} -> 1
A24: 23-09-24-181412.211-20.jpg | B24: NO | M24: 2 | R24: {=COUNTIF($D$4:$D$3228&"|"&$E$4:$E$3228&"|"&$F$4:$F$3228&"|"&$G$4:$G$3228&"|"&$H$4:$H$3228&"|"&$I$4:$I$3228,$L24&"|"&$M24&"|"&$N24&"|"&$O24&"|"&$P24&"|"&$Q24)} -> 42
A25: 23-09-24-181414.073-21.jpg | B25: NO | R25: =SUm(R5:R24) -> 279
A26: 23-09-24-181415.932-22.jpg | B26: NO | R26: =$C$2 -> 279
A27: 23-09-24-181417.782-23.jpg | B27: NO
A28: 23-09-24-181419.640-24.jpg | B28: NO
A29: 23-09-24-181421.492-25.jpg | B29: NO
A30: 23-09-24-181423.355-26.jpg | B30: NO
A31: 23-09-24-181425.228-27.jpg | B31: NO
A32: 23-09-24-181427.098-28.jpg | B32: YES | C32: 1 | I32: 15
A33: 23-09-24-181428.969-29.jpg | B33: YES | C33: 1 | I33: 15
A34: 23-09-24-181430.848-30.jpg | B34: YES | C34: 1 | I34: 15
A35: 23-09-24-181432.727-31.jpg | B35: YES | C35: 1 | I35: 15
A36: 23-09-24-181435.697-32.jpg | B36: YES | C36: 1 | I36: 15
A37: 23-09-24-181437.572-33.jpg | B37: YES | C37: 1 | I37: 15
A38: 23-09-24-181439.444-34.jpg | B38: YES | C38: 1 | I38: 15
A39: 23-09-24-181441.312-35.jpg | B39: YES | C39: 1 | I39: 15
A40: 23-09-24-181443.190-36.jpg | B40: NO
A41: 23-09-24-181445.070-37.jpg | B41: NO | J41: COLORCHECKER
A42: 23-09-24-181446.940-38.jpg | B42: NO | J42: COLORCHECKER
A43: 23-09-24-181448.819-39.jpg | B43: NO | J43: COLORCHECKER
A44: 23-09-24-181450.683-40.jpg | B44: NO | J44: COLORCHECKER
A45: 23-09-24-181452.555-41.jpg | B45: NO | J45: COLORCHECKER
A46: 23-09-24-181454.429-42.jpg | B46: NO | J46: COLORCHECKER
A47: 23-09-24-181457.176-43.jpg | B47: NO | J47: COLORCHECKER
A48: 23-09-24-181459.047-44.jpg | B48: NO | J48: COLORCHECKER
A49: 23-09-24-181500.904-45.jpg | B49: NO | J49: COLORCHECKER
A50: 23-09-24-181502.768-46.jpg | B50: NO | J50: COLORCHECKER
A51: 23-09-24-181504.636-47.jpg | B51: NO
A52: 23-09-24-181506.511-48.jpg | B52: NO
A53: 23-09-24-181508.383-49.jpg | B53: NO
A54: 23-09-24-181510.249-50.jpg | B54: NO
A55: 23-09-24-181512.120-51.jpg | B55: NO
A56: 23-09-24-181513.986-52.jpg | B56: NO
A57: 23-09-24-181515.859-53.jpg | B57: NO
A58: 23-09-24-181517.730-54.jpg | B58: NO
A59: 23-09-24-181519.597-55.jpg | B59: NO
A60: 23-09-24-181521.462-56.jpg | B60: NO
A61: 23-09-24-181524.245-57.jpg | B61: NO
A62: 23-09-24-181526.100-58.jpg | B62: NO
A63: 23-09-24-181527.947-59.jpg | B63: NO
A64: 23-09-24-181529.822-60.jpg | B64: YES | C64: 1 | G64: 10
A65: 23-09-24-181531.675-61.jpg | B65: YES | C65: 1 | G65: 10
A66: 23-09-24-181533.546-62.jpg | B66: YES | C66: 1 | G66: 10
A67: 23-09-24-181535.399-63.jpg | B67: YES | C67: 1 | G67: 10
A68: 23-09-24-181537.256-64.jpg | B68: YES | C68: 1 | G68: 10
A69: 23-09-24-181539.120-65.jpg | B69: YES | C69: 1 | G69: 10
A70: 23-09-24-181540.980-66.jpg | B70: YES | C70: 1 | G70: 10
A71: 23-09-24-181542.855-67.jpg | B71: YES | C71: 1 | G71: 10
A72: 23-09-24-181544.713-68.jpg | B72: YES | C72: 1 | G72: 10
A73: 23-09-24-181546.707-69.jpg | B73: NO
A74: 23-09-24-181548.565-70.jpg | B74: NO
A75: 23-09-24-181551.232-71.jpg | B75: NO
A76: 23-09-24-181553.082-72.jpg | B76: NO
A77: 23-09-24-181554.938-73.jpg | B77: NO
A78: 23-09-24-181556.792-74.jpg | B78: NO
A79: 23-09-24-181558.649-75.jpg | B79: NO
A80: 23-09-24-181600.510-76.jpg | B80: NO
A81: 23-09-24-181602.366-77.jpg | B81: NO
A82: 23-09-24-181604.228-78.jpg | B82: NO
A83: 23-09-24-181606.085-79.jpg | B83: NO
A84: 23-09-24-181607.943-80.jpg | B84: NO
... A165: 23-09-24-181845.587-161.jpg | B165: NO
A166: 23-09-24-181847.465-162.jpg | B166: YES | C166: 1 | G166: 10
A167: 23-09-24-181849.330-163.jpg | B167: YES | C167: 1 | G167: 10
A168: 23-09-24-181851.172-164.jpg | B168: YES | C168: 1 | G168: 10
A169: 23-09-24-181853.024-165.jpg | B169: YES | C169: 1 | G169: 10
A170: 23-09-24-181854.870-166.jpg | B170: YES | C170: 1 | G170: 10
A171: 23-09-24-181856.741-167.jpg | B171: YES | C171: 1 | G171: 10
A172: 23-09-24-181858.584-168.jpg | B172: NO
A173: 23-09-24-181900.447-169.jpg | B173: NO
A174: 23-09-24-181902.319-170.jpg | B174: NO
A175: 23-09-24-181904.231-171.jpg | B175: NO
A176: 23-09-24-181906.241-172.jpg | B176: NO
A177: 23-09-24-181908.270-173.jpg | B177: NO
A178: 23-09-24-181910.129-174.jpg | B178: NO
A179: 23-09-24-181911.988-175.jpg | B179: NO
A180: 23-09-24-181914.172-176.jpg | B180: NO
...

Sheet NI202409_CAP-EC_D04
A1: The Nice Cape East Cove | B1: Département : | C1: Alpes Maritimes | D1: Ville : | E1: Nice | F1: Site : | G1: Cap de Nice, These | H1: Date : | I1: 45560 | J1: ID : | K1: NI202409_CAP-EC_D04 | L1: Camera : | M1: Picam HQ 170°Lens (amazon) (R5 - Rack Main) | N1: NB Img : | O1: =COUNTA(A4:A5262)-COUNTIF(B:B,"TRAVEL BACK")-COUNTIF(B:B,"COLOR SAMPLE")-COUNTIF(B:B,"TRASH") -> 631
A2: Stats | B2: Img avec mire(s) : | C2: =COUNTIF(B4:B7757,"YES") -> 307 | D2: 1 M : | E2: =COUNTIF(C4:C7757,"1") -> 97 | F2: 2 M : | G2: =COUNTIF(C4:C7757,"2") -> 89 | H2: 3 M : | I2: =COUNTIF(C4:C7757,"3") -> 65 | J2: 4 M : | K2: =COUNTIF(C4:C7757,"4") -> 26 | L2: 5 M : | M2: =COUNTIF(C4:C7757,"5") -> 30 | N2: 6 M : | O2: =COUNTIF(C4:C7757,"6") -> 0 | P2: X Ms : | Q2: =G2+I2+K2+M2+O2 -> 210
A3: Images name | B3: Mire ? | C3: Quantité | D3: M1 | E3: M2 | F3: M9 | G3: M10 | H3: M13 | I3: M15 | J3: M1 occ: | K3: =COUNTIF(D4:J7757,"1") -> 84 | L3: M2 occ: | M3: =COUNTIF(D4:J7757,"2") -> 135 | N3: M9 occ: | O3: =COUNTIF(D4:J7757,"9") -> 146 | P3: M10 occ: | Q3: =COUNTIF(D4:J7757,"10") -> 89 | R3: M13 occ: | S3: =COUNTIF(D4:J7757,"13") -> 169 | T3: M15 occ: | U3: =COUNTIF(D4:J7757,"15") -> 100
A4: 23-09-24-184800.757-00.jpg | B4: TRASH | L4: Combinaisons visibles de mires sur les images
A5: 23-09-24-184802.953-01.jpg | B5: TRASH | L5: {=UNIQUE(D4:I4979)}
A6: 23-09-24-184805.150-02.jpg | B6: TRASH | O6: 10 | R6: {=COUNTIF($D$4:$D$3228&"|"&$E$4:$E$3228&"|"&$F$4:$F$3228&"|"&$G$4:$G$3228&"|"&$H$4:$H$3228&"|"&$I$4:$I$3228,$L6&"|"&$M6&"|"&$N6&"|"&$O6&"|"&$P6&"|"&$Q6)} -> 51 | V6: M1 | W6: M2 | X6: M9 | Y6: M10 | Z6: M13 | AA6: M15
A7: 23-09-24-184807.343-03.jpg | B7: TRASH | N7: 9 | O7: 10 | R7: {=COUNTIF($D$4:$D$3228&"|"&$E$4:$E$3228&"|"&$F$4:$F$3228&"|"&$G$4:$G$3228&"|"&$H$4:$H$3228&"|"&$I$4:$I$3228,$L7&"|"&$M7&"|"&$N7&"|"&$O7&"|"&$P7&"|"&$Q7)} -> 13 | U7: M1 | W7: {=SUM((MMULT(--(L6:Q26=1),TRANSPOSE(COLUMN(L6:Q6)^0))>0)*(MMULT(--(L6:Q26=2),TRANSPOSE(COLUMN(L6:Q6)^0))>0)*R6:R26)} -> 31 | X7: {=SUM((MMULT(--(L6:Q26=1),TRANSPOSE(COLUMN(L6:Q6)^0))>0)*(MMULT(--(L6:Q26=9),TRANSPOSE(COLUMN(L6:Q6)^0))>0)*R6:R26)} -> 49 | Y7: {=SUM((MMULT(--(L6:Q26=1),TRANSPOSE(COLUMN(L6:Q6)^0))>0)*(MMULT(--(L6:Q26=10),TRANSPOSE(COLUMN(L6:Q6)^0))>0)*R6:R26)} -> 0 | Z7: {=SUM((MMULT(--(L6:Q26=1),TRANSPOSE(COLUMN(L6:Q6)^0))>0)*(MMULT(--(L6:Q26=13),TRANSPOSE(COLUMN(L6:Q6)^0))>0)*R6:R26)} -> 46 | AA7: {=SUM((MMULT(--(L6:Q26=1),TRANSPOSE(COLUMN(L6:Q6)^0))>0)*(MMULT(--(L6:Q26=15),TRANSPOSE(COLUMN(L6:Q6)^0))>0)*R6:R26)} -> 53
A8: 23-09-24-184809.435-04.jpg | B8: TRASH | N8: 9 | O8: 10 | Q8: 15 | R8: {=COUNTIF($D$4:$D$3228&"|"&$E$4:$E$3228&"|"&$F$4:$F$3228&"|"&$G$4:$G$3228&"|"&$H$4:$H$3228&"|"&$I$4:$I$3228,$L8&"|"&$M8&"|"&$N8&"|"&$O8&"|"&$P8&"|"&$Q8)} -> 12 | U8: M2 | X8: {=SUM((MMULT(--(L6:Q26=2),TRANSPOSE(COLUMN(L6:Q6)^0))>0)*(MMULT(--(L6:Q26=9),TRANSPOSE(COLUMN(L6:Q6)^0))>0)*R6:R26)} -> 72 | Y8: {=SUM((MMULT(--(L6:Q26=2),TRANSPOSE(COLUMN(L6:Q6)^0))>0)*(MMULT(--(L6:Q26=10),TRANSPOSE(COLUMN(L6:Q6)^0))>0)*R6:R26)} -> 0 | Z8: {=SUM((MMULT(--(L6:Q26=2),TRANSPOSE(COLUMN(L6:Q6)^0))>0)*(MMULT(--(L6:Q26=13),TRANSPOSE(COLUMN(L6:Q6)^0))>0)*R6:R26)} -> 113 | AA8: {=SUM((MMULT(--(L6:Q26=2),TRANSPOSE(COLUMN(L6:Q6)^0))>0)*(MMULT(--(L6:Q26=15),TRANSPOSE(COLUMN(L6:Q6)^0))>0)*R6:R26)} -> 42
A9: 23-09-24-184811.625-05.jpg | B9: TRASH | N9: 9 | Q9: 15 | R9: {=COUNTIF($D$4:$D$3228&"|"&$E$4:$E$3228&"|"&$F$4:$F$3228&"|"&$G$4:$G$3228&"|"&$H$4:$H$3228&"|"&$I$4:$I$3228,$L9&"|"&$M9&"|"&$N9&"|"&$O9&"|"&$P9&"|"&$Q9)} -> 2 | U9: M9 | Y9: {=SUM((MMULT(--(L6:Q26=9),TRANSPOSE(COLUMN(L6:Q6)^0))>0)*(MMULT(--(L6:Q26=10),TRANSPOSE(COLUMN(L6:Q6)^0))>0)*R6:R26)} -> 32 | Z9: {=SUM((MMULT(--(L6:Q26=9),TRANSPOSE(COLUMN(L6:Q6)^0))>0)*(MMULT(--(L6:Q26=13),TRANSPOSE(COLUMN(L6:Q6)^0))>0)*R6:R26)} -> 106 | AA9: {=SUM((MMULT(--(L6:Q26=9),TRANSPOSE(COLUMN(L6:Q6)^0))>0)*(MMULT(--(L6:Q26=15),TRANSPOSE(COLUMN(L6:Q6)^0))>0)*R6:R26)} -> 77
A10: 23-09-24-184813.812-06.jpg | B10: TRASH | N10: 9 | O10: 10 | P10: 13 | Q10: 15 | R10: {=COUNTIF($D$4:$D$3228&"|"&$E$4:$E$3228&"|"&$F$4:$F$3228&"|"&$G$4:$G$3228&"|"&$H$4:$H$3228&"|"&$I$4:$I$3228,$L10&"|"&$M10&"|"&$N10&"|"&$O10&"|"&$P10&"|"&$Q10)} -> 4 | U10: M10 | Z10: {=SUM((MMULT(--(L6:Q26=10),TRANSPOSE(COLUMN(L6:Q6)^0))>0)*(MMULT(--(L6:Q26=13),TRANSPOSE(COLUMN(L6:Q6)^0))>0)*R6:R26)} -> 7 | AA10: {=SUM((MMULT(--(L6:Q26=10),TRANSPOSE(COLUMN(L6:Q6)^0))>0)*(MMULT(--(L6:Q26=15),TRANSPOSE(COLUMN(L6:Q6)^0))>0)*R6:R26)} -> 16
A11: 23-09-24-184815.950-07.jpg | B11: TRASH | N11: 9 | O11: 10 | P11: 13 | R11: {=COUNTIF($D$4:$D$3228&"|"&$E$4:$E$3228&"|"&$F$4:$F$3228&"|"&$G$4:$G$3228&"|"&$H$4:$H$3228&"|"&$I$4:$I$3228,$L11&"|"&$M11&"|"&$N11&"|"&$O11&"|"&$P11&"|"&$Q11)} -> 3 | U11: M13 | AA11: {=SUM((MMULT(--(L6:Q26=13),TRANSPOSE(COLUMN(L6:Q6)^0))>0)*(MMULT(--(L6:Q26=15),TRANSPOSE(COLUMN(L6:Q6)^0))>0)*R6:R26)} -> 61
A12: 23-09-24-184818.125-08.jpg | B12: TRASH | N12: 9 | P12: 13 | Q12: 15 | R12: {=COUNTIF($D$4:$D$3228&"|"&$E$4:$E$3228&"|"&$F$4:$F$3228&"|"&$G$4:$G$3228&"|"&$H$4:$H$3228&"|"&$I$4:$I$3228,$L12&"|"&$M12&"|"&$N12&"|"&$O12&"|"&$P12&"|"&$Q12)} -> 6 | U12: M15
A13: 23-09-24-184820.297-09.jpg | B13: TRASH | L13: 1 | N13: 9 | P13: 13 | Q13: 15 | R13: {=COUNTIF($D$4:$D$3228&"|"&$E$4:$E$3228&"|"&$F$4:$F$3228&"|"&$G$4:$G$3228&"|"&$H$4:$H$3228&"|"&$I$4:$I$3228,$L13&"|"&$M13&"|"&$N13&"|"&$O13&"|"&$P13&"|"&$Q13)} -> 9
A14: 23-09-24-184822.430-10.jpg | B14: TRASH | L14: 1 | M14: 2 | N14: 9 | P14: 13 | Q14: 15 | R14: {=COUNTIF($D$4:$D$3228&"|"&$E$4:$E$3228&"|"&$F$4:$F$3228&"|"&$G$4:$G$3228&"|"&$H$4:$H$3228&"|"&$I$4:$I$3228,$L14&"|"&$M14&"|"&$N14&"|"&$O14&"|"&$P14&"|"&$Q14)} -> 30
A15: 23-09-24-184824.614-11.jpg | B15: NO | M15: 2 | N15: 9 | P15: 13 | Q15: 15 | R15: {=COUNTIF($D$4:$D$3228&"|"&$E$4:$E$3228&"|"&$F$4:$F$3228&"|"&$G$4:$G$3228&"|"&$H$4:$H$3228&"|"&$I$4:$I$3228,$L15&"|"&$M15&"|"&$N15&"|"&$O15&"|"&$P15&"|"&$Q15)} -> 12
A16: 23-09-24-184826.794-12.jpg | B16: YES | C16: 1 | G16: 10 | M16: 2 | N16: 9 | P16: 13 | R16: {=COUNTIF($D$4:$D$3228&"|"&$E$4:$E$3228&"|"&$F$4:$F$3228&"|"&$G$4:$G$3228&"|"&$H$4:$H$3228&"|"&$I$4:$I$3228,$L16&"|"&$M16&"|"&$N16&"|"&$O16&"|"&$P16&"|"&$Q16)} -> 29
A17: 23-09-24-184828.982-13.jpg | B17: YES | C17: 1 | G17: 10 | M17: 2 | P17: 13 | R17: {=COUNTIF($D$4:$D$3228&"|"&$E$4:$E$3228&"|"&$F$4:$F$3228&"|"&$G$4:$G$3228&"|"&$H$4:$H$3228&"|"&$I$4:$I$3228,$L17&"|"&$M17&"|"&$N17&"|"&$O17&"|"&$P17&"|"&$Q17)} -> 41
A18: 23-09-24-184831.181-14.jpg | B18: YES | C18: 1 | G18: 10 | P18: 13 | R18: {=COUNTIF($D$4:$D$3228&"|"&$E$4:$E$3228&"|"&$F$4:$F$3228&"|"&$G$4:$G$3228&"|"&$H$4:$H$3228&"|"&$I$4:$I$3228,$L18&"|"&$M18&"|"&$N18&"|"&$O18&"|"&$P18&"|"&$Q18)} -> 15
A19: 23-09-24-184833.380-15.jpg | B19: YES | C19: 1 | G19: 10 | L19: 1 | M19: 2 | N19: 9 | P19: 13 | R19: {=COUNTIF($D$4:$D$3228&"|"&$E$4:$E$3228&"|"&$F$4:$F$3228&"|"&$G$4:$G$3228&"|"&$H$4:$H$3228&"|"&$I$4:$I$3228,$L19&"|"&$M19&"|"&$N19&"|"&$O19&"|"&$P19&"|"&$Q19)} -> 1
A20: 23-09-24-184835.595-16.jpg | B20: YES | C20: 1 | G20: 10 | L20: 1 | Q20: 15 | R20: {=COUNTIF($D$4:$D$3228&"|"&$E$4:$E$3228&"|"&$F$4:$F$3228&"|"&$G$4:$G$3228&"|"&$H$4:$H$3228&"|"&$I$4:$I$3228,$L20&"|"&$M20&"|"&$N20&"|"&$O20&"|"&$P20&"|"&$Q20)} -> 12
A21: 23-09-24-184837.791-17.jpg | B21: YES | C21: 1 | G21: 10 | N21: 9 | P21: 13 | R21: {=COUNTIF($D$4:$D$3228&"|"&$E$4:$E$3228&"|"&$F$4:$F$3228&"|"&$G$4:$G$3228&"|"&$H$4:$H$3228&"|"&$I$4:$I$3228,$L21&"|"&$M21&"|"&$N21&"|"&$O21&"|"&$P21&"|"&$Q21)} -> 6
A22: 23-09-24-184839.980-18.jpg | B22: YES | C22: 1 | G22: 10 | N22: 9 | R22: {=COUNTIF($D$4:$D$3228&"|"&$E$4:$E$3228&"|"&$F$4:$F$3228&"|"&$G$4:$G$3228&"|"&$H$4:$H$3228&"|"&$I$4:$I$3228,$L22&"|"&$M22&"|"&$N22&"|"&$O22&"|"&$P22&"|"&$Q22)} -> 1
A23: 23-09-24-184842.172-19.jpg | B23: YES | C23: 1 | G23: 10 | L23: 1 | N23: 9 | P23: 13 | R23: {=COUNTIF($D$4:$D$3228&"|"&$E$4:$E$3228&"|"&$F$4:$F$3228&"|"&$G$4:$G$3228&"|"&$H$4:$H$3228&"|"&$I$4:$I$3228,$L23&"|"&$M23&"|"&$N23&"|"&$O23&"|"&$P23&"|"&$Q23)} -> 6
A24: 23-09-24-184844.352-20.jpg | B24: YES | C24: 1 | G24: 10 | L24: 1 | N24: 9 | R24: {=COUNTIF($D$4:$D$3228&"|"&$E$4:$E$3228&"|"&$F$4:$F$3228&"|"&$G$4:$G$3228&"|"&$H$4:$H$3228&"|"&$I$4:$I$3228,$L24&"|"&$M24&"|"&$N24&"|"&$O24&"|"&$P24&"|"&$Q24)} -> 1
A25: 23-09-24-184846.542-21.jpg | B25: YES | C25: 1 | G25: 10 | L25: 1 | R25: {=COUNTIF($D$4:$D$3228&"|"&$E$4:$E$3228&"|"&$F$4:$F$3228&"|"&$G$4:$G$3228&"|"&$H$4:$H$3228&"|"&$I$4:$I$3228,$L25&"|"&$M25&"|"&$N25&"|"&$O25&"|"&$P25&"|"&$Q25)} -> 14
A26: 23-09-24-184848.737-22.jpg | B26: YES | C26: 1 | G26: 10 | L26: 1 | N26: 9 | Q26: 15 | R26: {=COUNTIF($D$4:$D$3228&"|"&$E$4:$E$3228&"|"&$F$4:$F$3228&"|"&$G$4:$G$3228&"|"&$H$4:$H$3228&"|"&$I$4:$I$3228,$L26&"|"&$M26&"|"&$N26&"|"&$O26&"|"&$P26&"|"&$Q26)} -> 2
A27: 23-09-24-184850.936-23.jpg | B27: YES | C27: 1 | G27: 10 | O27: 10 | Q27: 15 | R27: {=COUNTIF($D$4:$D$3228&"|"&$E$4:$E$3228&"|"&$F$4:$F$3228&"|"&$G$4:$G$3228&"|"&$H$4:$H$3228&"|"&$I$4:$I$3228,$L27&"|"&$M27&"|"&$N27&"|"&$O27&"|"&$P27&"|"&$Q27)} -> 5
A28: 23-09-24-184853.140-24.jpg | B28: YES | C28: 1 | G28: 10 | M28: 2 | N28: 9 | R28: {=COUNTIF($D$4:$D$3228&"|"&$E$4:$E$3228&"|"&$F$4:$F$3228&"|"&$G$4:$G$3228&"|"&$H$4:$H$3228&"|"&$I$4:$I$3228,$L28&"|"&$M28&"|"&$N28&"|"&$O28&"|"&$P28&"|"&$Q28)} -> 7
A29: 23-09-24-184855.332-25.jpg | B29: NO | L29: 1 | P29: 13 | Q29: 15 | R29: {=COUNTIF($D$4:$D$3228&"|"&$E$4:$E$3228&"|"&$F$4:$F$3228&"|"&$G$4:$G$3228&"|"&$H$4:$H$3228&"|"&$I$4:$I$3228,$L29&"|"&$M29&"|"&$N29&"|"&$O29&"|"&$P29&"|"&$Q29)} -> 5
A30: 23-09-24-184857.523-26.jpg | B30: NO | L30: 1 | P30: 13 | R30: {=COUNTIF($D$4:$D$3228&"|"&$E$4:$E$3228&"|"&$F$4:$F$3228&"|"&$G$4:$G$3228&"|"&$H$4:$H$3228&"|"&$I$4:$I$3228,$L30&"|"&$M30&"|"&$N30&"|"&$O30&"|"&$P30&"|"&$Q30)} -> 2
A31: 23-09-24-184859.711-27.jpg | B31: NO | L31: 1 | N31: 9 | R31: {=COUNTIF($D$4:$D$3228&"|"&$E$4:$E$3228&"|"&$F$4:$F$3228&"|"&$G$4:$G$3228&"|"&$H$4:$H$3228&"|"&$I$4:$I$3228,$L31&"|"&$M31&"|"&$N31&"|"&$O31&"|"&$P31&"|"&$Q31)} -> 1
A32: 23-09-24-184901.901-28.jpg | B32: NO | L32: 1 | R32: {=COUNTIF($D$4:$D$3228&"|"&$E$4:$E$3228&"|"&$F$4:$F$3228&"|"&$G$4:$G$3228&"|"&$H$4:$H$3228&"|"&$I$4:$I$3228,$L32&"|"&$M32&"|"&$N32&"|"&$O32&"|"&$P32&"|"&$Q32)} -> 1
A33: 23-09-24-184904.073-29.jpg | B33: NO | Q33: 15 | R33: {=COUNTIF($D$4:$D$3228&"|"&$E$4:$E$3228&"|"&$F$4:$F$3228&"|"&$G$4:$G$3228&"|"&$H$4:$H$3228&"|"&$I$4:$I$3228,$L33&"|"&$M33&"|"&$N33&"|"&$O33&"|"&$P33&"|"&$Q33)} -> 1
A34: 23-09-24-184906.265-30.jpg | B34: NO | M34: 2 | R34: {=COUNTIF($D$4:$D$3228&"|"&$E$4:$E$3228&"|"&$F$4:$F$3228&"|"&$G$4:$G$3228&"|"&$H$4:$H$3228&"|"&$I$4:$I$3228,$L34&"|"&$M34&"|"&$N34&"|"&$O34&"|"&$P34&"|"&$Q34)} -> 14
A35: 23-09-24-184908.434-31.jpg | B35: NO | M35: 2 | N35: 9 | O35: 10 | R35: {=COUNTIF($D$4:$D$3228&"|"&$E$4:$E$3228&"|"&$F$4:$F$3228&"|"&$G$4:$G$3228&"|"&$H$4:$H$3228&"|"&$I$4:$I$3228,$L35&"|"&$M35&"|"&$N35&"|"&$O35&"|"&$P35&"|"&$Q35)} -> 1
A36: 23-09-24-184910.623-32.jpg | B36: NO | R36: =SUm(R6:R35) -> 307
A37: 23-09-24-184912.802-33.jpg | B37: NO | R37: =$C$2 -> 307
A38: 23-09-24-184914.980-34.jpg | B38: NO
A39: 23-09-24-184917.159-35.jpg | B39: NO
A40: 23-09-24-184919.343-36.jpg | B40: NO
A41: 23-09-24-184921.531-37.jpg | B41: NO
A42: 23-09-24-184924.649-38.jpg | B42: YES | C42: 2 | F42: 9 | G42: 10 | J42: COLORCHECKER
A43: 23-09-24-184926.842-39.jpg | B43: YES | C43: 2 | F43: 9 | G43: 10 | J43: COLORCHECKER
A44: 23-09-24-184929.022-40.jpg | B44: YES | C44: 3 | F44: 9 | G44: 10 | I44: 15 | J44: COLORCHECKER
A45: 23-09-24-184931.190-41.jpg | B45: YES | C45: 2 | F45: 9 | I45: 15 | J45: COLORCHECKER
A46: 23-09-24-184933.360-42.jpg | B46: YES | C46: 3 | F46: 9 | G46: 10 | I46: 15 | J46: COLORCHECKER | K46: COLORCHECKER
A47: 23-09-24-184935.531-43.jpg | B47: YES | C47: 4 | F47: 9 | G47: 10 | H47: 13 | I47: 15 | J47: COLORCHECKER | K47: COLORCHECKER
A48: 23-09-24-184937.594-44.jpg | B48: YES | C48: 4 | F48: 9 | G48: 10 | H48: 13 | I48: 15 | J48: COLORCHECKER | K48: COLORCHECKER
A49: 23-09-24-184939.734-45.jpg | B49: YES | C49: 3 | F49: 9 | G49: 10 | H49: 13 | J49: COLORCHECKER | K49: COLORCHECKER
A50: 23-09-24-184941.921-46.jpg | B50: YES | C50: 3 | F50: 9 | G50: 10 | H50: 13 | J50: COLORCHECKER | K50: COLORCHECKER
A51: 23-09-24-184944.114-47.jpg | B51: YES | C51: 4 | F51: 9 | G51: 10 | H51: 13 | I51: 15 | J51: COLORCHECKER | K51: COLORCHECKER
A52: 23-09-24-184946.286-48.jpg | B52: YES | C52: 4 | F52: 9 | G52: 10 | H52: 13 | I52: 15 | J52: COLORCHECKER | K52: COLORCHECKER
A53: 23-09-24-184948.452-49.jpg | B53: YES | C53: 3 | F53: 9 | H53: 13 | I53: 15 | J53: COLORCHECKER | K53: COLORCHECKER
A54: 23-09-24-184950.632-50.jpg | B54: YES | C54: 3 | F54: 9 | H54: 13 | I54: 15 | J54: COLORCHECKER | K54: COLORCHECKER
A55: 23-09-24-184952.802-51.jpg | B55: YES | C55: 4 | D55: 1 | F55: 9 | H55: 13 | I55: 15 | J55: COLORCHECKER | K55: COLORCHECKER
A56: 23-09-24-184954.875-52.jpg | B56: YES | C56: 4 | D56: 1 | F56: 9 | H56: 13 | I56: 15 | J56: COLORCHECKER | K56: COLORCHECKER
A57: 23-09-24-184957.015-53.jpg | B57: YES | C57: 4 | D57: 1 | F57: 9 | H57: 13 | I57: 15 | J57: COLORCHECKER | K57: COLORCHECKER
A58: 23-09-24-184959.074-54.jpg | B58: YES | C58: 4 | D58: 1 | F58: 9 | H58: 13 | I58: 15 | J58: COLORCHECKER | K58: COLORCHECKER
A59: 23-09-24-185001.201-55.jpg | B59: YES | C59: 3 | F59: 9 | H59: 13 | I59: 15 | J59: COLORCHECKER | K59: COLORCHECKER
A60: 23-09-24-185003.350-56.jpg | B60: YES | C60: 4 | D60: 1 | F60: 9 | H60: 13 | I60: 15 | J60: COLORCHECKER | K60: COLORCHECKER
A61: 23-09-24-185005.523-57.jpg | B61: YES | C61: 5 | D61: 1 | E61: 2 | F61: 9 | H61: 13 | I61: 15 | J61: COLORCHECKER | K61: COLORCHECKER
A62: 23-09-24-185007.684-58.jpg | B62: YES | C62: 4 | E62: 2 | F62: 9 | H62: 13 | I62: 15 | J62: COLORCHECKER | K62: COLORCHECKER
A63: 23-09-24-185009.862-59.jpg | B63: YES | C63: 5 | D63: 1 | E63: 2 | F63: 9 | H63: 13 | I63: 15 | J63: COLORCHECKER | K63: COLORCHECKER
A64: 23-09-24-185012.020-60.jpg | B64: YES | C64: 5 | D64: 1 | E64: 2 | F64: 9 | H64: 13 | I64: 15 | J64: COLORCHECKER | K64: COLORCHECKER
A65: 23-09-24-185014.182-61.jpg | B65: YES | C65: 5 | D65: 1 | E65: 2 | F65: 9 | H65: 13 | I65: 15 | J65: COLORCHECKER | K65: COLORCHECKER
A66: 23-09-24-185016.352-62.jpg | B66: YES | C66: 4 | E66: 2 | F66: 9 | H66: 13 | I66: 15 | J66: COLORCHECKER | K66: COLORCHECKER
A67: 23-09-24-185018.415-63.jpg | B67: YES | C67: 4 | E67: 2 | F67: 9 | H67: 13 | I67: 15 | J67: COLORCHECKER | K67: COLORCHECKER
A68: 23-09-24-185020.553-64.jpg | B68: YES | C68: 3 | E68: 2 | F68: 9 | H68: 13 | J68: COLORCHECKER
A69: 23-09-24-185022.626-65.jpg | B69: YES | C69: 3 | E69: 2 | F69: 9 | H69: 13 | J69: COLORCHECKER
A70: 23-09-24-185024.793-66.jpg | B70: YES | C70: 3 | F70: 9 | H70: 13 | I70: 15 | J70: COLORCHECKER
A71: 23-09-24-185027.581-67.jpg | B71: YES | C71: 2 | E71: 2 | H71: 13 | J71: COLORCHECKER
A72: 23-09-24-185029.752-68.jpg | B72: YES | C72: 2 | E72: 2 | H72: 13 | J72: COLORCHECKER
A73: 23-09-24-185031.921-69.jpg | B73: YES | C73: 2 | E73: 2 | H73: 13
A74: 23-09-24-185034.091-70.jpg | B74: YES | C74: 2 | E74: 2 | H74: 13
A75: 23-09-24-185036.272-71.jpg | B75: YES | C75: 2 | E75: 2 | H75: 13 | J75: COLORCHECKER
A76: 23-09-24-185038.452-72.jpg | B76: YES | C76: 1 | H76: 13 | J76: COLORCHECKER
A77: 23-09-24-185040.634-73.jpg | B77: YES | C77: 1 | H77: 13 | J77: COLORCHECKER
A78: 23-09-24-185042.813-74.jpg | B78: YES | C78: 1 | H78: 13 | J78: COLORCHECKER
A79: 23-09-24-185044.002-75.jpg | B79: YES | C79: 2 | E79: 2 | H79: 13 | J79: COLORCHECKER
A80: 23-09-24-185047.207-76.jpg | B80: NO | J80: COLORCHECKER
A81: 23-09-24-185049.393-77.jpg | B81: NO | J81: COLORCHECKER | K81: COLORCHECKER
A82: 23-09-24-185051.572-78.jpg | B82: NO | J82: COLORCHECKER | K82: COLORCHECKER
A83: 23-09-24-185053.762-79.jpg | B83: NO | J83: COLORCHECKER | K83: COLORCHECKER
A84: 23-09-24-185055.943-80.jpg | B84: NO | J84: COLORCHECKER | K84: COLORCHECKER
A85: 23-09-24-185058.133-81.jpg | B85: NO | J85: COLORCHECKER | K85: COLORCHECKER
A86: 23-09-24-185100.310-82.jpg | B86: NO | J86: COLORCHECKER | K86: COLORCHECKER
A87: 23-09-24-185102.503-83.jpg | B87: NO | J87: COLORCHECKER | K87: COLORCHECKER
A88: 23-09-24-185104.693-84.jpg | B88: NO | J88: COLORCHECKER
A89: 23-09-24-185106.907-85.jpg | B89: NO | J89: COLORCHECKER
A90: 23-09-24-185108.995-86.jpg | B90: NO | J90: COLORCHECKER
A91: 23-09-24-185111.162-87.jpg | B91: NO | J91: COLORCHECKER
A92: 23-09-24-185113.361-88.jpg | B92: NO | J92: COLORCHECKER
A93: 23-09-24-185115.551-89.jpg | B93: NO | J93: COLORCHECKER
A94: 23-09-24-185117.742-90.jpg | B94: NO | J94: COLORCHECKER
A95: 23-09-24-185119.939-91.jpg | B95: NO | J95: COLORCHECKER
A96: 23-09-24-185123.059-92.jpg | B96: NO | J96: COLORCHECKER
A97: 23-09-24-185125.241-93.jpg | B97: NO | J97: COLORCHECKER
A98: 23-09-24-185127.441-94.jpg | B98: NO | J98: COLORCHECKER
A99: 23-09-24-185129.633-95.jpg | B99: NO | J99: COLORCHECKER
A100: 23-09-24-185131.823-96.jpg | B100: NO
...

Sheet NI202409_CAP-EC_D05
A1: The Nice Cape East Cove | B1: Département : | C1: Alpes Maritimes | D1: Ville : | E1: Nice | F1: Site : | G1: Cap de Nice, These | H1: Date : | I1: 45560 | J1: ID : | K1: NI202409_CAP-EC_D05 | L1: Camera : | M1: Picam HQ 170°Lens (amazon) (R6 - Rack Cata) | N1: NB Img : | O1: =COUNTA(A4:A5373)-COUNTIF(B:B,"TRAVEL BACK")-COUNTIF(B:B,"COLOR SAMPLE")-COUNTIF(B:B,"TRASH") -> 1092
A2: Stats | B2: Img avec mire(s) : | C2: =COUNTIF(B4:B7868,"YES") -> 366 | D2: 1 M : | E2: =COUNTIF(C4:C7868,"1") -> 267 | F2: 2 M : | G2: =COUNTIF(C4:C7868,"2") -> 49 | H2: 3 M : | I2: =COUNTIF(C4:C7868,"3") -> 23 | J2: 4 M : | K2: =COUNTIF(C4:C7868,"4") -> 17 | L2: 5 M : | M2: =COUNTIF(C4:C7868,"5") -> 10 | N2: 6 M : | O2: =COUNTIF(C4:C7868,"6") -> 0 | P2: X Ms : | Q2: =G2+I2+K2+M2+O2 -> 99
A3: Images name | B3: Mire ? | C3: Quantité | D3: M1 | E3: M2 | F3: M9 | G3: M10 | H3: M13 | I3: M15 | J3: M1 occ: | K3: =COUNTIF(D4:J7868,"1") -> 107 | L3: M2 occ: | M3: =COUNTIF(D4:J7868,"2") -> 107 | N3: M9 occ: | O3: =COUNTIF(D4:J7868,"9") -> 101 | P3: M10 occ: | Q3: =COUNTIF(D4:J7868,"10") -> 50 | R3: M13 occ: | S3: =COUNTIF(D4:J7868,"13") -> 121 | T3: M15 occ: | U3: =COUNTIF(D4:J7868,"15") -> 66
A4: 24-09-24-002646.025-00.jpg | B4: YES | C4: 1 | D4: 1 | L4: Combinaisons visibles de mires sur les images
A5: 24-09-24-002648.130-01.jpg | B5: YES | C5: 1 | D5: 1 | L5: {=UNIQUE(D4:I4979)} -> 1 | R5: {=COUNTIF($D$4:$D$3339&"|"&$E$4:$E$3339&"|"&$F$4:$F$3339&"|"&$G$4:$G$3339&"|"&$H$4:$H$3339&"|"&$I$4:$I$3339,$L5&"|"&$M5&"|"&$N5&"|"&$O5&"|"&$P5&"|"&$Q5)} -> 71 | V5: M1 | W5: M2 | X5: M9 | Y5: M10 | Z5: M13 | AA5: M15
A6: 24-09-24-002650.304-02.jpg | B6: YES | C6: 1 | D6: 1 | U6: M1 | W6: {=SUM((MMULT(--(L5:Q25=1),TRANSPOSE(COLUMN(L5:Q5)^0))>0)*(MMULT(--(L5:Q25=2),TRANSPOSE(COLUMN(L5:Q5)^0))>0)*R5:R25)} -> 9 | X6: {=SUM((MMULT(--(L5:Q25=1),TRANSPOSE(COLUMN(L5:Q5)^0))>0)*(MMULT(--(L5:Q25=9),TRANSPOSE(COLUMN(L5:Q5)^0))>0)*R5:R25)} -> 12 | Y6: {=SUM((MMULT(--(L5:Q25=1),TRANSPOSE(COLUMN(L5:Q5)^0))>0)*(MMULT(--(L5:Q25=10),TRANSPOSE(COLUMN(L5:Q5)^0))>0)*R5:R25)} -> 0 | Z6: {=SUM((MMULT(--(L5:Q25=1),TRANSPOSE(COLUMN(L5:Q5)^0))>0)*(MMULT(--(L5:Q25=13),TRANSPOSE(COLUMN(L5:Q5)^0))>0)*R5:R25)} -> 27 | AA6: {=SUM((MMULT(--(L5:Q25=1),TRANSPOSE(COLUMN(L5:Q5)^0))>0)*(MMULT(--(L5:Q25=15),TRANSPOSE(COLUMN(L5:Q5)^0))>0)*R5:R25)} -> 25
A7: 24-09-24-002652.408-03.jpg | B7: YES | C7: 1 | D7: 1 | Q7: 15 | R7: {=COUNTIF($D$4:$D$3339&"|"&$E$4:$E$3339&"|"&$F$4:$F$3339&"|"&$G$4:$G$3339&"|"&$H$4:$H$3339&"|"&$I$4:$I$3339,$L7&"|"&$M7&"|"&$N7&"|"&$O7&"|"&$P7&"|"&$Q7)} -> 23 | U7: M2 | X7: {=SUM((MMULT(--(L5:Q25=2),TRANSPOSE(COLUMN(L5:Q5)^0))>0)*(MMULT(--(L5:Q25=9),TRANSPOSE(COLUMN(L5:Q5)^0))>0)*R5:R25)} -> 35 | Y7: {=SUM((MMULT(--(L5:Q25=2),TRANSPOSE(COLUMN(L5:Q5)^0))>0)*(MMULT(--(L5:Q25=10),TRANSPOSE(COLUMN(L5:Q5)^0))>0)*R5:R25)} -> 0 | Z7: {=SUM((MMULT(--(L5:Q25=2),TRANSPOSE(COLUMN(L5:Q5)^0))>0)*(MMULT(--(L5:Q25=13),TRANSPOSE(COLUMN(L5:Q5)^0))>0)*R5:R25)} -> 47 | AA7: {=SUM((MMULT(--(L5:Q25=2),TRANSPOSE(COLUMN(L5:Q5)^0))>0)*(MMULT(--(L5:Q25=15),TRANSPOSE(COLUMN(L5:Q5)^0))>0)*R5:R25)} -> 18
A8: 24-09-24-002654.596-04.jpg | B8: YES | C8: 1 | D8: 1 | N8: 9 | R8: {=COUNTIF($D$4:$D$3339&"|"&$E$4:$E$3339&"|"&$F$4:$F$3339&"|"&$G$4:$G$3339&"|"&$H$4:$H$3339&"|"&$I$4:$I$3339,$L8&"|"&$M8&"|"&$N8&"|"&$O8&"|"&$P8&"|"&$Q8)} -> 39 | U8: M9 | Y8: {=SUM((MMULT(--(L5:Q25=9),TRANSPOSE(COLUMN(L5:Q5)^0))>0)*(MMULT(--(L5:Q25=10),TRANSPOSE(COLUMN(L5:Q5)^0))>0)*R5:R25)} -> 0 | Z8: {=SUM((MMULT(--(L5:Q25=9),TRANSPOSE(COLUMN(L5:Q5)^0))>0)*(MMULT(--(L5:Q25=13),TRANSPOSE(COLUMN(L5:Q5)^0))>0)*R5:R25)} -> 51 | AA8: {=SUM((MMULT(--(L5:Q25=9),TRANSPOSE(COLUMN(L5:Q5)^0))>0)*(MMULT(--(L5:Q25=15),TRANSPOSE(COLUMN(L5:Q5)^0))>0)*R5:R25)} -> 25
A9: 24-09-24-002656.812-05.jpg | B9: YES | C9: 1 | D9: 1 | O9: 10 | R9: {=COUNTIF($D$4:$D$3339&"|"&$E$4:$E$3339&"|"&$F$4:$F$3339&"|"&$G$4:$G$3339&"|"&$H$4:$H$3339&"|"&$I$4:$I$3339,$L9&"|"&$M9&"|"&$N9&"|"&$O9&"|"&$P9&"|"&$Q9)} -> 46 | U9: M10 | Z9: {=SUM((MMULT(--(L5:Q25=10),TRANSPOSE(COLUMN(L5:Q5)^0))>0)*(MMULT(--(L5:Q25=13),TRANSPOSE(COLUMN(L5:Q5)^0))>0)*R5:R25)} -> 0 | AA9: {=SUM((MMULT(--(L5:Q25=10),TRANSPOSE(COLUMN(L5:Q5)^0))>0)*(MMULT(--(L5:Q25=15),TRANSPOSE(COLUMN(L5:Q5)^0))>0)*R5:R25)} -> 0
A10: 24-09-24-002659.010-06.jpg | B10: YES | C10: 1 | D10: 1 | N10: 9 | P10: 13 | R10: {=COUNTIF($D$4:$D$3339&"|"&$E$4:$E$3339&"|"&$F$4:$F$3339&"|"&$G$4:$G$3339&"|"&$H$4:$H$3339&"|"&$I$4:$I$3339,$L10&"|"&$M10&"|"&$N10&"|"&$O10&"|"&$P10&"|"&$Q10)} -> 12 | U10: M13 | AA10: {=SUM((MMULT(--(L5:Q25=13),TRANSPOSE(COLUMN(L5:Q5)^0))>0)*(MMULT(--(L5:Q25=15),TRANSPOSE(COLUMN(L5:Q5)^0))>0)*R5:R25)} -> 29
A11: 24-09-24-002701.211-07.jpg | B11: YES | C11: 1 | D11: 1 | M11: 2 | N11: 9 | P11: 13 | R11: {=COUNTIF($D$4:$D$3339&"|"&$E$4:$E$3339&"|"&$F$4:$F$3339&"|"&$G$4:$G$3339&"|"&$H$4:$H$3339&"|"&$I$4:$I$3339,$L11&"|"&$M11&"|"&$N11&"|"&$O11&"|"&$P11&"|"&$Q11)} -> 16 | U11: M15
A12: 24-09-24-002703.420-08.jpg | B12: YES | C12: 1 | D12: 1 | L12: 1 | M12: 2 | N12: 9 | P12: 13 | Q12: 15 | R12: {=COUNTIF($D$4:$D$3339&"|"&$E$4:$E$3339&"|"&$F$4:$F$3339&"|"&$G$4:$G$3339&"|"&$H$4:$H$3339&"|"&$I$4:$I$3339,$L12&"|"&$M12&"|"&$N12&"|"&$O12&"|"&$P12&"|"&$Q12)} -> 7
A13: 24-09-24-002705.632-09.jpg | B13: YES | C13: 1 | D13: 1 | L13: 1 | N13: 9 | P13: 13 | Q13: 15 | R13: {=COUNTIF($D$4:$D$3339&"|"&$E$4:$E$3339&"|"&$F$4:$F$3339&"|"&$G$4:$G$3339&"|"&$H$4:$H$3339&"|"&$I$4:$I$3339,$L13&"|"&$M13&"|"&$N13&"|"&$O13&"|"&$P13&"|"&$Q13)} -> 4
A14: 24-09-24-002707.745-10.jpg | B14: YES | C14: 1 | D14: 1 | L14: 1 | Q14: 15 | R14: {=COUNTIF($D$4:$D$3339&"|"&$E$4:$E$3339&"|"&$F$4:$F$3339&"|"&$G$4:$G$3339&"|"&$H$4:$H$3339&"|"&$I$4:$I$3339,$L14&"|"&$M14&"|"&$N14&"|"&$O14&"|"&$P14&"|"&$Q14)} -> 8
A15: 24-09-24-002709.962-11.jpg | B15: YES | C15: 1 | D15: 1 | L15: 1 | P15: 13 | Q15: 15 | R15: {=COUNTIF($D$4:$D$3339&"|"&$E$4:$E$3339&"|"&$F$4:$F$3339&"|"&$G$4:$G$3339&"|"&$H$4:$H$3339&"|"&$I$4:$I$3339,$L15&"|"&$M15&"|"&$N15&"|"&$O15&"|"&$P15&"|"&$Q15)} -> 4
A16: 24-09-24-002712.075-12.jpg | B16: YES | C16: 1 | D16: 1 | L16: 1 | M16: 2 | P16: 13 | Q16: 15 | R16: {=COUNTIF($D$4:$D$3339&"|"&$E$4:$E$3339&"|"&$F$4:$F$3339&"|"&$G$4:$G$3339&"|"&$H$4:$H$3339&"|"&$I$4:$I$3339,$L16&"|"&$M16&"|"&$N16&"|"&$O16&"|"&$P16&"|"&$Q16)} -> 2
A17: 24-09-24-002714.268-13.jpg | B17: YES | C17: 1 | D17: 1 | M17: 2 | N17: 9 | P17: 13 | Q17: 15 | R17: {=COUNTIF($D$4:$D$3339&"|"&$E$4:$E$3339&"|"&$F$4:$F$3339&"|"&$G$4:$G$3339&"|"&$H$4:$H$3339&"|"&$I$4:$I$3339,$L17&"|"&$M17&"|"&$N17&"|"&$O17&"|"&$P17&"|"&$Q17)} -> 9
A18: 24-09-24-002716.494-14.jpg | B18: YES | C18: 1 | D18: 1 | M18: 2 | N18: 9 | R18: {=COUNTIF($D$4:$D$3339&"|"&$E$4:$E$3339&"|"&$F$4:$F$3339&"|"&$G$4:$G$3339&"|"&$H$4:$H$3339&"|"&$I$4:$I$3339,$L18&"|"&$M18&"|"&$N18&"|"&$O18&"|"&$P18&"|"&$Q18)} -> 3
A19: 24-09-24-002719.575-15.jpg | B19: YES | C19: 1 | D19: 1 | L19: 1 | P19: 13 | R19: {=COUNTIF($D$4:$D$3339&"|"&$E$4:$E$3339&"|"&$F$4:$F$3339&"|"&$G$4:$G$3339&"|"&$H$4:$H$3339&"|"&$I$4:$I$3339,$L19&"|"&$M19&"|"&$N19&"|"&$O19&"|"&$P19&"|"&$Q19)} -> 9
A20: 24-09-24-002721.707-16.jpg | B20: YES | C20: 1 | D20: 1 | J20: COLORCHECKER | N20: 9 | P20: 13 | Q20: 15 | R20: {=COUNTIF($D$4:$D$3339&"|"&$E$4:$E$3339&"|"&$F$4:$F$3339&"|"&$G$4:$G$3339&"|"&$H$4:$H$3339&"|"&$I$4:$I$3339,$L20&"|"&$M20&"|"&$N20&"|"&$O20&"|"&$P20&"|"&$Q20)} -> 2
A21: 24-09-24-002723.879-17.jpg | B21: YES | C21: 1 | D21: 1 | J21: COLORCHECKER | M21: 2 | P21: 13 | R21: {=COUNTIF($D$4:$D$3339&"|"&$E$4:$E$3339&"|"&$F$4:$F$3339&"|"&$G$4:$G$3339&"|"&$H$4:$H$3339&"|"&$I$4:$I$3339,$L21&"|"&$M21&"|"&$N21&"|"&$O21&"|"&$P21&"|"&$Q21)} -> 13
A22: 24-09-24-002726.072-18.jpg | B22: YES | C22: 1 | D22: 1 | J22: COLORCHECKER | N22: 9 | Q22: 15 | R22: {=COUNTIF($D$4:$D$3339&"|"&$E$4:$E$3339&"|"&$F$4:$F$3339&"|"&$G$4:$G$3339&"|"&$H$4:$H$3339&"|"&$I$4:$I$3339,$L22&"|"&$M22&"|"&$N22&"|"&$O22&"|"&$P22&"|"&$Q22)} -> 3
A23: 24-09-24-002728.262-19.jpg | B23: YES | C23: 1 | D23: 1 | M23: 2 | R23: {=COUNTIF($D$4:$D$3339&"|"&$E$4:$E$3339&"|"&$F$4:$F$3339&"|"&$G$4:$G$3339&"|"&$H$4:$H$3339&"|"&$I$4:$I$3339,$L23&"|"&$M23&"|"&$N23&"|"&$O23&"|"&$P23&"|"&$Q23)} -> 52
A24: 24-09-24-002730.462-20.jpg | B24: NO | J24: COLORCHECKER | P24: 13 | Q24: 15 | R24: {=COUNTIF($D$4:$D$3339&"|"&$E$4:$E$3339&"|"&$F$4:$F$3339&"|"&$G$4:$G$3339&"|"&$H$4:$H$3339&"|"&$I$4:$I$3339,$L24&"|"&$M24&"|"&$N24&"|"&$O24&"|"&$P24&"|"&$Q24)} -> 1
A25: 24-09-24-002732.691-21.jpg | B25: NO | J25: COLORCHECKER | L25: 1 | N25: 9 | P25: 13 | R25: {=COUNTIF($D$4:$D$3339&"|"&$E$4:$E$3339&"|"&$F$4:$F$3339&"|"&$G$4:$G$3339&"|"&$H$4:$H$3339&"|"&$I$4:$I$3339,$L25&"|"&$M25&"|"&$N25&"|"&$O25&"|"&$P25&"|"&$Q25)} -> 1
A26: 24-09-24-002735.688-22.jpg | B26: NO | J26: COLORCHECKER | L26: 1 | M26: 2 | N26: 9 | P26: 13 | R26: {=COUNTIF($D$4:$D$3339&"|"&$E$4:$E$3339&"|"&$F$4:$F$3339&"|"&$G$4:$G$3339&"|"&$H$4:$H$3339&"|"&$I$4:$I$3339,$L26&"|"&$M26&"|"&$N26&"|"&$O26&"|"&$P26&"|"&$Q26)} -> 1
A27: 24-09-24-002737.892-23.jpg | B27: YES | C27: 1 | I27: 15 | J27: COLORCHECKER | P27: 13 | R27: {=COUNTIF($D$4:$D$3339&"|"&$E$4:$E$3339&"|"&$F$4:$F$3339&"|"&$G$4:$G$3339&"|"&$H$4:$H$3339&"|"&$I$4:$I$3339,$L27&"|"&$M27&"|"&$N27&"|"&$O27&"|"&$P27&"|"&$Q27)} -> 36
A28: 24-09-24-002740.092-24.jpg | B28: YES | C28: 1 | I28: 15 | J28: COLORCHECKER | M28: 2 | N28: 9 | O28: 10 | P28: 13 | R28: {=COUNTIF($D$4:$D$3339&"|"&$E$4:$E$3339&"|"&$F$4:$F$3339&"|"&$G$4:$G$3339&"|"&$H$4:$H$3339&"|"&$I$4:$I$3339,$L28&"|"&$M28&"|"&$N28&"|"&$O28&"|"&$P28&"|"&$Q28)} -> 1
A29: 24-09-24-002742.312-25.jpg | B29: YES | C29: 1 | I29: 15 | J29: COLORCHECKER | M29: 2 | N29: 9 | O29: 10 | P29: 13 | Q29: 15 | R29: {=COUNTIF($D$4:$D$3339&"|"&$E$4:$E$3339&"|"&$F$4:$F$3339&"|"&$G$4:$G$3339&"|"&$H$4:$H$3339&"|"&$I$4:$I$3339,$L29&"|"&$M29&"|"&$N29&"|"&$O29&"|"&$P29&"|"&$Q29)} -> 3
A30: 24-09-24-002744.511-26.jpg | B30: YES | C30: 1 | I30: 15 | J30: COLORCHECKER | R30: =SUm(R5:R29) -> 366
A31: 24-09-24-002746.617-27.jpg | B31: YES | C31: 1 | I31: 15 | J31: COLORCHECKER | R31: =$C$2 -> 366
A32: 24-09-24-002748.799-28.jpg | B32: YES | C32: 1 | I32: 15 | J32: COLORCHECKER
A33: 24-09-24-002751.986-29.jpg | B33: YES | C33: 1 | I33: 15 | J33: COLORCHECKER
A34: 24-09-24-002754.203-30.jpg | B34: YES | C34: 1 | I34: 15 | J34: COLORCHECKER | K34: COLORCHECKER
A35: 24-09-24-002756.391-31.jpg | B35: YES | C35: 1 | I35: 15 | J35: COLORCHECKER | K35: COLORCHECKER
A36: 24-09-24-002758.592-32.jpg | B36: YES | C36: 1 | I36: 15 | J36: COLORCHECKER | K36: COLORCHECKER
A37: 24-09-24-002800.792-33.jpg | B37: NO | J37: COLORCHECKER
A38: 24-09-24-002802.992-34.jpg | B38: NO | J38: COLORCHECKER
A39: 24-09-24-002805.105-35.jpg | B39: NO | J39: COLORCHECKER
A40: 24-09-24-002807.273-36.jpg | B40: NO | J40: COLORCHECKER
A41: 24-09-24-002809.355-37.jpg | B41: NO | J41: COLORCHECKER
A42: 24-09-24-002811.527-38.jpg | B42: YES | C42: 1 | F42: 9 | J42: COLORCHECKER
A43: 24-09-24-002813.605-39.jpg | B43: YES | C43: 1 | F43: 9 | J43: COLORCHECKER
A44: 24-09-24-002815.775-40.jpg | B44: YES | C44: 1 | F44: 9 | J44: COLORCHECKER
A45: 24-09-24-002817.856-41.jpg | B45: NO | J45: COLORCHECKER
A46: 24-09-24-002820.016-42.jpg | B46: NO | J46: COLORCHECKER
A47: 24-09-24-002822.193-43.jpg | B47: NO
A48: 24-09-24-002825.079-44.jpg | B48: NO
A49: 24-09-24-002827.166-45.jpg | B49: NO
A50: 24-09-24-002829.331-46.jpg | B50: NO
A51: 24-09-24-002831.523-47.jpg | B51: NO
A52: 24-09-24-002833.722-48.jpg | B52: NO
A53: 24-09-24-002835.817-49.jpg | B53: NO
A54: 24-09-24-002837.981-50.jpg | B54: NO
A55: 24-09-24-002841.073-51.jpg | B55: YES | C55: 1 | G55: 10
A56: 24-09-24-002843.262-52.jpg | B56: YES | C56: 1 | G56: 10
A57: 24-09-24-002845.452-53.jpg | B57: YES | C57: 1 | G57: 10
A58: 24-09-24-002847.634-54.jpg | B58: YES | C58: 1 | G58: 10
A59: 24-09-24-002849.821-55.jpg | B59: YES | C59: 1 | G59: 10
A60: 24-09-24-002851.916-56.jpg | B60: YES | C60: 1 | G60: 10
A61: 24-09-24-002854.094-57.jpg | B61: YES | C61: 1 | G61: 10
A62: 24-09-24-002856.198-58.jpg | B62: YES | C62: 1 | G62: 10
A63: 24-09-24-002858.386-59.jpg | B63: YES | C63: 1 | G63: 10
A64: 24-09-24-002900.572-60.jpg | B64: YES | C64: 1 | G64: 10
A65: 24-09-24-002902.753-61.jpg | B65: YES | C65: 1 | G65: 10
A66: 24-09-24-002904.941-62.jpg | B66: YES | C66: 1 | G66: 10 | L66: COLORCHECKER
A67: 24-09-24-002907.122-63.jpg | B67: NO | L67: COLORCHECKER
A68: 24-09-24-002909.302-64.jpg | B68: NO
A69: 24-09-24-002911.492-65.jpg | B69: NO
A70: 24-09-24-002913.673-66.jpg | B70: NO
A71: 24-09-24-002915.841-67.jpg | B71: NO
A72: 24-09-24-002918.014-68.jpg | B72: NO
A73: 24-09-24-002920.182-69.jpg | B73: NO
A74: 24-09-24-002922.354-70.jpg | B74: NO
A75: 24-09-24-002924.521-71.jpg | B75: NO
A76: 24-09-24-002926.702-72.jpg | B76: NO
A77: 24-09-24-002928.872-73.jpg | B77: NO
A78: 24-09-24-002931.051-74.jpg | B78: NO
A79: 24-09-24-002934.143-75.jpg | B79: NO
... A145: 24-09-24-003202.416-141.jpg | B145: NO
A146: 24-09-24-003204.554-142.jpg | B146: YES | C146: 1 | G146: 10
A147: 24-09-24-003206.689-143.jpg | B147: YES | C147: 1 | G147: 10
A148: 24-09-24-003208.832-144.jpg | B148: YES | C148: 1 | G148: 10
A149: 24-09-24-003210.978-145.jpg | B149: YES | C149: 1 | G149: 10
A150: 24-09-24-003213.123-146.jpg | B150: NO
A151: 24-09-24-003215.186-147.jpg | B151: NO
A152: 24-09-24-003217.340-148.jpg | B152: NO
A153: 24-09-24-003219.425-149.jpg | B153: NO
A154: 24-09-24-003221.583-150.jpg | B154: NO
A155: 24-09-24-003223.755-151.jpg | B155: NO
A156: 24-09-24-003225.922-152.jpg | B156: NO
A157: 24-09-24-003228.094-153.jpg | B157: NO
A158: 24-09-24-003230.272-154.jpg | B158: NO
A159: 24-09-24-003232.445-155.jpg | B159: NO
A160: 24-09-24-003234.628-156.jpg | B160: NO
A161: 24-09-24-003236.812-157.jpg | B161: NO
... A168: 24-09-24-003252.953-164.jpg | B168: NO
A169: 24-09-24-003255.182-165.jpg | B169: YES | C169: 1 | G169: 10
A170: 24-09-24-003257.297-166.jpg | B170: YES | C170: 1 | G170: 10
A171: 24-09-24-003259.486-167.jpg | B171: YES | C171: 1 | G171: 10
...

Sheet NI202409_CAP-EC_D06
A1: The Nice Cape East Cove | B1: Département : | C1: Alpes Maritimes | D1: Ville : | E1: Nice | F1: Site : | G1: Cap de Nice, These | H1: Date : | I1: 45560 | J1: ID : | K1: NI202409_CAP-EC_D06 | L1: Camera : | M1: Picam HQ Lens (commonlands GoPro 2.6mm 120°) (R7 - Rack Main) | N1: NB Img : | O1: =COUNTA(A4:A5373)-COUNTIF(B:B,"TRAVEL BACK")-COUNTIF(B:B,"COLOR SAMPLE")-COUNTIF(B:B,"TRASH") -> 634
A2: Stats | B2: Img avec mire(s) : | C2: =COUNTIF(B4:B7868,"YES") -> 282 | D2: 1 M : | E2: =COUNTIF(C4:C7868,"1") -> 95 | F2: 2 M : | G2: =COUNTIF(C4:C7868,"2") -> 90 | H2: 3 M : | I2: =COUNTIF(C4:C7868,"3") -> 46 | J2: 4 M : | K2: =COUNTIF(C4:C7868,"4") -> 25 | L2: 5 M : | M2: =COUNTIF(C4:C7868,"5") -> 26 | N2: 6 M : | O2: =COUNTIF(C4:C7868,"6") -> 0 | P2: X Ms : | Q2: =G2+I2+K2+M2+O2 -> 187
A3: Images name | B3: Mire ? | C3: Quantité | D3: M1 | E3: M2 | F3: M9 | G3: M10 | H3: M13 | I3: M15 | J3: M1 occ: | K3: =COUNTIF(D4:J7868,"1") -> 67 | L3: M2 occ: | M3: =COUNTIF(D4:J7868,"2") -> 118 | N3: M9 occ: | O3: =COUNTIF(D4:J7868,"9") -> 135 | P3: M10 occ: | Q3: =COUNTIF(D4:J7868,"10") -> 75 | R3: M13 occ: | S3: =COUNTIF(D4:J7868,"13") -> 159 | T3: M15 occ: | U3: =COUNTIF(D4:J7868,"15") -> 86
A4: 23-09-24-184351.704-00.jpg | B4: TRASH | L4: Combinaisons visibles de mires sur les images
A5: 23-09-24-184353.898-01.jpg | B5: TRASH | L5: {=UNIQUE(D4:I4979)} | V5: M1 | W5: M2 | X5: M9 | Y5: M10 | Z5: M13 | AA5: M15
A6: 23-09-24-184356.079-02.jpg | B6: TRASH | O6: 10 | R6: {=COUNTIF($D$4:$D$3339&"|"&$E$4:$E$3339&"|"&$F$4:$F$3339&"|"&$G$4:$G$3339&"|"&$H$4:$H$3339&"|"&$I$4:$I$3339,$L6&"|"&$M6&"|"&$N6&"|"&$O6&"|"&$P6&"|"&$Q6)} -> 49 | U6: M1 | W6: {=SUM((MMULT(--(L5:Q25=1),TRANSPOSE(COLUMN(L5:Q5)^0))>0)*(MMULT(--(L5:Q25=2),TRANSPOSE(COLUMN(L5:Q5)^0))>0)*R5:R25)} -> 31 | X6: {=SUM((MMULT(--(L5:Q25=1),TRANSPOSE(COLUMN(L5:Q5)^0))>0)*(MMULT(--(L5:Q25=9),TRANSPOSE(COLUMN(L5:Q5)^0))>0)*R5:R25)} -> 44 | Y6: {=SUM((MMULT(--(L5:Q25=1),TRANSPOSE(COLUMN(L5:Q5)^0))>0)*(MMULT(--(L5:Q25=10),TRANSPOSE(COLUMN(L5:Q5)^0))>0)*R5:R25)} -> 0 | Z6: {=SUM((MMULT(--(L5:Q25=1),TRANSPOSE(COLUMN(L5:Q5)^0))>0)*(MMULT(--(L5:Q25=13),TRANSPOSE(COLUMN(L5:Q5)^0))>0)*R5:R25)} -> 42 | AA6: {=SUM((MMULT(--(L5:Q25=1),TRANSPOSE(COLUMN(L5:Q5)^0))>0)*(MMULT(--(L5:Q25=15),TRANSPOSE(COLUMN(L5:Q5)^0))>0)*R5:R25)} -> 46
A7: 23-09-24-184358.268-03.jpg | B7: TRASH | N7: 9 | O7: 10 | R7: {=COUNTIF($D$4:$D$3339&"|"&$E$4:$E$3339&"|"&$F$4:$F$3339&"|"&$G$4:$G$3339&"|"&$H$4:$H$3339&"|"&$I$4:$I$3339,$L7&"|"&$M7&"|"&$N7&"|"&$O7&"|"&$P7&"|"&$Q7)} -> 12 | U7: M2 | X7: {=SUM((MMULT(--(L5:Q25=2),TRANSPOSE(COLUMN(L5:Q5)^0))>0)*(MMULT(--(L5:Q25=9),TRANSPOSE(COLUMN(L5:Q5)^0))>0)*R5:R25)} -> 60 | Y7: {=SUM((MMULT(--(L5:Q25=2),TRANSPOSE(COLUMN(L5:Q5)^0))>0)*(MMULT(--(L5:Q25=10),TRANSPOSE(COLUMN(L5:Q5)^0))>0)*R5:R25)} -> 0 | Z7: {=SUM((MMULT(--(L5:Q25=2),TRANSPOSE(COLUMN(L5:Q5)^0))>0)*(MMULT(--(L5:Q25=13),TRANSPOSE(COLUMN(L5:Q5)^0))>0)*R5:R25)} -> 102 | AA7: {=SUM((MMULT(--(L5:Q25=2),TRANSPOSE(COLUMN(L5:Q5)^0))>0)*(MMULT(--(L5:Q25=15),TRANSPOSE(COLUMN(L5:Q5)^0))>0)*R5:R25)} -> 38
A8: 23-09-24-184400.450-04.jpg | B8: TRASH | N8: 9 | Q8: 15 | R8: {=COUNTIF($D$4:$D$3339&"|"&$E$4:$E$3339&"|"&$F$4:$F$3339&"|"&$G$4:$G$3339&"|"&$H$4:$H$3339&"|"&$I$4:$I$3339,$L8&"|"&$M8&"|"&$N8&"|"&$O8&"|"&$P8&"|"&$Q8)} -> 3 | U8: M9 | Y8: {=SUM((MMULT(--(L5:Q25=9),TRANSPOSE(COLUMN(L5:Q5)^0))>0)*(MMULT(--(L5:Q25=10),TRANSPOSE(COLUMN(L5:Q5)^0))>0)*R5:R25)} -> 25 | Z8: {=SUM((MMULT(--(L5:Q25=9),TRANSPOSE(COLUMN(L5:Q5)^0))>0)*(MMULT(--(L5:Q25=13),TRANSPOSE(COLUMN(L5:Q5)^0))>0)*R5:R25)} -> 93 | AA8: {=SUM((MMULT(--(L5:Q25=9),TRANSPOSE(COLUMN(L5:Q5)^0))>0)*(MMULT(--(L5:Q25=15),TRANSPOSE(COLUMN(L5:Q5)^0))>0)*R5:R25)} -> 65
A9: 23-09-24-184402.638-05.jpg | B9: TRASH | N9: 9 | O9: 10 | Q9: 15 | R9: {=COUNTIF($D$4:$D$3339&"|"&$E$4:$E$3339&"|"&$F$4:$F$3339&"|"&$G$4:$G$3339&"|"&$H$4:$H$3339&"|"&$I$4:$I$3339,$L9&"|"&$M9&"|"&$N9&"|"&$O9&"|"&$P9&"|"&$Q9)} -> 11 | U9: M10 | Z9: {=SUM((MMULT(--(L5:Q25=10),TRANSPOSE(COLUMN(L5:Q5)^0))>0)*(MMULT(--(L5:Q25=13),TRANSPOSE(COLUMN(L5:Q5)^0))>0)*R5:R25)} -> 2 | AA9: {=SUM((MMULT(--(L5:Q25=10),TRANSPOSE(COLUMN(L5:Q5)^0))>0)*(MMULT(--(L5:Q25=15),TRANSPOSE(COLUMN(L5:Q5)^0))>0)*R5:R25)} -> 13
A10: 23-09-24-184404.819-06.jpg | B10: TRASH | N10: 9 | O10: 10 | P10: 13 | Q10: 15 | R10: {=COUNTIF($D$4:$D$3339&"|"&$E$4:$E$3339&"|"&$F$4:$F$3339&"|"&$G$4:$G$3339&"|"&$H$4:$H$3339&"|"&$I$4:$I$3339,$L10&"|"&$M10&"|"&$N10&"|"&$O10&"|"&$P10&"|"&$Q10)} -> 2 | U10: M13 | AA10: {=SUM((MMULT(--(L5:Q25=13),TRANSPOSE(COLUMN(L5:Q5)^0))>0)*(MMULT(--(L5:Q25=15),TRANSPOSE(COLUMN(L5:Q5)^0))>0)*R5:R25)} -> 50
A11: 23-09-24-184407.007-07.jpg | B11: TRASH | N11: 9 | P11: 13 | Q11: 15 | R11: {=COUNTIF($D$4:$D$3339&"|"&$E$4:$E$3339&"|"&$F$4:$F$3339&"|"&$G$4:$G$3339&"|"&$H$4:$H$3339&"|"&$I$4:$I$3339,$L11&"|"&$M11&"|"&$N11&"|"&$O11&"|"&$P11&"|"&$Q11)} -> 4 | U11: M15
A12: 23-09-24-184409.196-08.jpg | B12: TRASH | L12: 1 | N12: 9 | P12: 13 | Q12: 15 | R12: {=COUNTIF($D$4:$D$3339&"|"&$E$4:$E$3339&"|"&$F$4:$F$3339&"|"&$G$4:$G$3339&"|"&$H$4:$H$3339&"|"&$I$4:$I$3339,$L12&"|"&$M12&"|"&$N12&"|"&$O12&"|"&$P12&"|"&$Q12)} -> 6
A13: 23-09-24-184411.364-09.jpg | B13: TRASH | M13: 2 | N13: 9 | P13: 13 | Q13: 15 | R13: {=COUNTIF($D$4:$D$3339&"|"&$E$4:$E$3339&"|"&$F$4:$F$3339&"|"&$G$4:$G$3339&"|"&$H$4:$H$3339&"|"&$I$4:$I$3339,$L13&"|"&$M13&"|"&$N13&"|"&$O13&"|"&$P13&"|"&$Q13)} -> 12
A14: 23-09-24-184413.550-10.jpg | B14: TRASH | L14: 1 | M14: 2 | N14: 9 | P14: 13 | Q14: 15 | R14: {=COUNTIF($D$4:$D$3339&"|"&$E$4:$E$3339&"|"&$F$4:$F$3339&"|"&$G$4:$G$3339&"|"&$H$4:$H$3339&"|"&$I$4:$I$3339,$L14&"|"&$M14&"|"&$N14&"|"&$O14&"|"&$P14&"|"&$Q14)} -> 26
A15: 23-09-24-184415.678-11.jpg | B15: TRASH | N15: 9 | P15: 13 | R15: {=COUNTIF($D$4:$D$3339&"|"&$E$4:$E$3339&"|"&$F$4:$F$3339&"|"&$G$4:$G$3339&"|"&$H$4:$H$3339&"|"&$I$4:$I$3339,$L15&"|"&$M15&"|"&$N15&"|"&$O15&"|"&$P15&"|"&$Q15)} -> 16
A16: 23-09-24-184417.850-12.jpg | B16: TRASH | M16: 2 | P16: 13 | R16: {=COUNTIF($D$4:$D$3339&"|"&$E$4:$E$3339&"|"&$F$4:$F$3339&"|"&$G$4:$G$3339&"|"&$H$4:$H$3339&"|"&$I$4:$I$3339,$L16&"|"&$M16&"|"&$N16&"|"&$O16&"|"&$P16&"|"&$Q16)} -> 42
A17: 23-09-24-184419.001-13.jpg | B17: TRASH | P17: 13 | R17: {=COUNTIF($D$4:$D$3339&"|"&$E$4:$E$3339&"|"&$F$4:$F$3339&"|"&$G$4:$G$3339&"|"&$H$4:$H$3339&"|"&$I$4:$I$3339,$L17&"|"&$M17&"|"&$N17&"|"&$O17&"|"&$P17&"|"&$Q17)} -> 18
A18: 23-09-24-184422.124-14.jpg | B18: NO | M18: 2 | N18: 9 | P18: 13 | R18: {=COUNTIF($D$4:$D$3339&"|"&$E$4:$E$3339&"|"&$F$4:$F$3339&"|"&$G$4:$G$3339&"|"&$H$4:$H$3339&"|"&$I$4:$I$3339,$L18&"|"&$M18&"|"&$N18&"|"&$O18&"|"&$P18&"|"&$Q18)} -> 17
A19: 23-09-24-184424.292-15.jpg | B19: NO | L19: 1 | M19: 2 | N19: 9 | P19: 13 | R19: {=COUNTIF($D$4:$D$3339&"|"&$E$4:$E$3339&"|"&$F$4:$F$3339&"|"&$G$4:$G$3339&"|"&$H$4:$H$3339&"|"&$I$4:$I$3339,$L19&"|"&$M19&"|"&$N19&"|"&$O19&"|"&$P19&"|"&$Q19)} -> 5
A20: 23-09-24-184426.462-16.jpg | B20: YES | C20: 1 | G20: 10 | N20: 9 | R20: {=COUNTIF($D$4:$D$3339&"|"&$E$4:$E$3339&"|"&$F$4:$F$3339&"|"&$G$4:$G$3339&"|"&$H$4:$H$3339&"|"&$I$4:$I$3339,$L20&"|"&$M20&"|"&$N20&"|"&$O20&"|"&$P20&"|"&$Q20)} -> 10
A21: 23-09-24-184428.641-17.jpg | B21: YES | C21: 1 | G21: 10 | L21: 1 | Q21: 15 | R21: {=COUNTIF($D$4:$D$3339&"|"&$E$4:$E$3339&"|"&$F$4:$F$3339&"|"&$G$4:$G$3339&"|"&$H$4:$H$3339&"|"&$I$4:$I$3339,$L21&"|"&$M21&"|"&$N21&"|"&$O21&"|"&$P21&"|"&$Q21)} -> 13
A22: 23-09-24-184430.821-18.jpg | B22: YES | C22: 1 | G22: 10 | L22: 1 | N22: 9 | P22: 13 | R22: {=COUNTIF($D$4:$D$3339&"|"&$E$4:$E$3339&"|"&$F$4:$F$3339&"|"&$G$4:$G$3339&"|"&$H$4:$H$3339&"|"&$I$4:$I$3339,$L22&"|"&$M22&"|"&$N22&"|"&$O22&"|"&$P22&"|"&$Q22)} -> 5
A23: 23-09-24-184433.970-19.jpg | B23: YES | C23: 1 | G23: 10 | L23: 1 | N23: 9 | R23: {=COUNTIF($D$4:$D$3339&"|"&$E$4:$E$3339&"|"&$F$4:$F$3339&"|"&$G$4:$G$3339&"|"&$H$4:$H$3339&"|"&$I$4:$I$3339,$L23&"|"&$M23&"|"&$N23&"|"&$O23&"|"&$P23&"|"&$Q23)} -> 1
A24: 23-09-24-184436.055-20.jpg | B24: YES | C24: 1 | G24: 10 | L24: 1 | R24: {=COUNTIF($D$4:$D$3339&"|"&$E$4:$E$3339&"|"&$F$4:$F$3339&"|"&$G$4:$G$3339&"|"&$H$4:$H$3339&"|"&$I$4:$I$3339,$L24&"|"&$M24&"|"&$N24&"|"&$O24&"|"&$P24&"|"&$Q24)} -> 4
A25: 23-09-24-184438.228-21.jpg | B25: YES | C25: 1 | G25: 10 | L25: 1 | N25: 9 | Q25: 15 | R25: {=COUNTIF($D$4:$D$3339&"|"&$E$4:$E$3339&"|"&$F$4:$F$3339&"|"&$G$4:$G$3339&"|"&$H$4:$H$3339&"|"&$I$4:$I$3339,$L25&"|"&$M25&"|"&$N25&"|"&$O25&"|"&$P25&"|"&$Q25)} -> 1
A26: 23-09-24-184440.402-22.jpg | B26: YES | C26: 1 | G26: 10 | O26: 10 | Q26: 15 | R26: {=COUNTIF($D$4:$D$3339&"|"&$E$4:$E$3339&"|"&$F$4:$F$3339&"|"&$G$4:$G$3339&"|"&$H$4:$H$3339&"|"&$I$4:$I$3339,$L26&"|"&$M26&"|"&$N26&"|"&$O26&"|"&$P26&"|"&$Q26)} -> 1
A27: 23-09-24-184442.581-23.jpg | B27: YES | C27: 1 | G27: 10 | Q27: 15 | R27: {=COUNTIF($D$4:$D$3339&"|"&$E$4:$E$3339&"|"&$F$4:$F$3339&"|"&$G$4:$G$3339&"|"&$H$4:$H$3339&"|"&$I$4:$I$3339,$L27&"|"&$M27&"|"&$N27&"|"&$O27&"|"&$P27&"|"&$Q27)} -> 2
A28: 23-09-24-184444.753-24.jpg | B28: YES | C28: 1 | G28: 10 | M28: 2 | N28: 9 | Q28: 15 | R28: {=COUNTIF($D$4:$D$3339&"|"&$E$4:$E$3339&"|"&$F$4:$F$3339&"|"&$G$4:$G$3339&"|"&$H$4:$H$3339&"|"&$I$4:$I$3339,$L28&"|"&$M28&"|"&$N28&"|"&$O28&"|"&$P28&"|"&$Q28)} -> 1
A29: 23-09-24-184446.931-25.jpg | B29: YES | C29: 1 | G29: 10 | L29: 1 | P29: 13 | Q29: 15 | R29: {=COUNTIF($D$4:$D$3339&"|"&$E$4:$E$3339&"|"&$F$4:$F$3339&"|"&$G$4:$G$3339&"|"&$H$4:$H$3339&"|"&$I$4:$I$3339,$L29&"|"&$M29&"|"&$N29&"|"&$O29&"|"&$P29&"|"&$Q29)} -> 4
A30: 23-09-24-184449.111-26.jpg | B30: YES | C30: 1 | G30: 10 | L30: 1 | P30: 13 | R30: {=COUNTIF($D$4:$D$3339&"|"&$E$4:$E$3339&"|"&$F$4:$F$3339&"|"&$G$4:$G$3339&"|"&$H$4:$H$3339&"|"&$I$4:$I$3339,$L30&"|"&$M30&"|"&$N30&"|"&$O30&"|"&$P30&"|"&$Q30)} -> 2
A31: 23-09-24-184451.290-27.jpg | B31: YES | C31: 1 | G31: 10 | M31: 2 | R31: {=COUNTIF($D$4:$D$3339&"|"&$E$4:$E$3339&"|"&$F$4:$F$3339&"|"&$G$4:$G$3339&"|"&$H$4:$H$3339&"|"&$I$4:$I$3339,$L31&"|"&$M31&"|"&$N31&"|"&$O31&"|"&$P31&"|"&$Q31)} -> 12
A32: 23-09-24-184453.462-28.jpg | B32: YES | C32: 1 | G32: 10 | M32: 2 | N32: 9 | R32: {=COUNTIF($D$4:$D$3339&"|"&$E$4:$E$3339&"|"&$F$4:$F$3339&"|"&$G$4:$G$3339&"|"&$H$4:$H$3339&"|"&$I$4:$I$3339,$L32&"|"&$M32&"|"&$N32&"|"&$O32&"|"&$P32&"|"&$Q32)} -> 3
A33: 23-09-24-184455.640-29.jpg | B33: NO | R33: =SUm(R6:R32) -> 282
A34: 23-09-24-184457.735-30.jpg | B34: NO | R34: =$C$2 -> 282
A35: 23-09-24-184459.896-31.jpg | B35: NO
A36: 23-09-24-184502.071-32.jpg | B36: NO
A37: 23-09-24-184504.240-33.jpg | B37: NO
A38: 23-09-24-184506.412-34.jpg | B38: NO
A39: 23-09-24-184508.583-35.jpg | B39: NO
A40: 23-09-24-184510.752-36.jpg | B40: NO
A41: 23-09-24-184512.823-37.jpg | B41: NO
A42: 23-09-24-184514.964-38.jpg | B42: NO
A43: 23-09-24-184517.045-39.jpg | B43: NO
A44: 23-09-24-184519.209-40.jpg | B44: NO
A45: 23-09-24-184521.391-41.jpg | B45: NO
A46: 23-09-24-184523.561-42.jpg | B46: YES | C46: 2 | F46: 9 | G46: 10 | J46: COLORCHECKER
A47: 23-09-24-184525.731-43.jpg | B47: YES | C47: 2 | F47: 9 | G47: 10 | J47: COLORCHECKER
A48: 23-09-24-184527.901-44.jpg | B48: YES | C48: 2 | F48: 9 | G48: 10 | J48: COLORCHECKER
A49: 23-09-24-184530.070-45.jpg | B49: YES | C49: 2 | F49: 9 | I49: 15 | J49: COLORCHECKER
A50: 23-09-24-184532.144-46.jpg | B50: YES | C50: 3 | F50: 9 | G50: 10 | I50: 15 | J50: COLORCHECKER
A51: 23-09-24-184534.285-47.jpg | B51: YES | C51: 3 | F51: 9 | G51: 10 | I51: 15 | J51: COLORCHECKER
A52: 23-09-24-184536.344-48.jpg | B52: YES | C52: 3 | F52: 9 | G52: 10 | I52: 15 | J52: COLORCHECKER
A53: 23-09-24-184538.502-49.jpg | B53: YES | C53: 2 | F53: 9 | G53: 10 | J53: COLORCHECKER
A54: 23-09-24-184540.684-50.jpg | B54: YES | C54: 2 | F54: 9 | G54: 10 | J54: COLORCHECKER
A55: 23-09-24-184542.763-51.jpg | B55: YES | C55: 2 | F55: 9 | G55: 10 | J55: COLORCHECKER
A56: 23-09-24-184544.919-52.jpg | B56: YES | C56: 4 | F56: 9 | G56: 10 | H56: 13 | I56: 15 | J56: COLORCHECKER | K56: COLORCHECKER
A57: 23-09-24-184547.080-53.jpg | B57: YES | C57: 4 | F57: 9 | G57: 10 | H57: 13 | I57: 15 | J57: COLORCHECKER | K57: COLORCHECKER
A58: 23-09-24-184549.250-54.jpg | B58: YES | C58: 3 | F58: 9 | H58: 13 | I58: 15 | J58: COLORCHECKER | K58: COLORCHECKER
A59: 23-09-24-184551.420-55.jpg | B59: YES | C59: 3 | F59: 9 | H59: 13 | I59: 15 | J59: COLORCHECKER | K59: COLORCHECKER
A60: 23-09-24-184553.589-56.jpg | B60: YES | C60: 4 | D60: 1 | F60: 9 | H60: 13 | I60: 15 | J60: COLORCHECKER | K60: COLORCHECKER
A61: 23-09-24-184555.750-57.jpg | B61: YES | C61: 4 | D61: 1 | F61: 9 | H61: 13 | I61: 15 | J61: COLORCHECKER | K61: COLORCHECKER
A62: 23-09-24-184557.909-58.jpg | B62: YES | C62: 4 | D62: 1 | F62: 9 | H62: 13 | I62: 15 | J62: COLORCHECKER | K62: COLORCHECKER
A63: 23-09-24-184600.520-59.jpg | B63: YES | C63: 4 | E63: 2 | F63: 9 | H63: 13 | I63: 15 | J63: COLORCHECKER | K63: COLORCHECKER
A64: 23-09-24-184602.670-60.jpg | B64: YES | C64: 5 | D64: 1 | E64: 2 | F64: 9 | H64: 13 | I64: 15 | J64: COLORCHECKER | K64: COLORCHECKER
A65: 23-09-24-184604.830-61.jpg | B65: YES | C65: 4 | E65: 2 | F65: 9 | H65: 13 | I65: 15 | J65: COLORCHECKER | K65: COLORCHECKER
A66: 23-09-24-184606.885-62.jpg | B66: YES | C66: 4 | E66: 2 | F66: 9 | H66: 13 | I66: 15 | J66: COLORCHECKER | K66: COLORCHECKER
A67: 23-09-24-184609.012-63.jpg | B67: YES | C67: 5 | D67: 1 | E67: 2 | F67: 9 | H67: 13 | I67: 15 | J67: COLORCHECKER | K67: COLORCHECKER
A68: 23-09-24-184611.170-64.jpg | B68: YES | C68: 5 | D68: 1 | E68: 2 | F68: 9 | H68: 13 | I68: 15 | J68: COLORCHECKER | K68: COLORCHECKER
A69: 23-09-24-184613.330-65.jpg | B69: YES | C69: 5 | D69: 1 | E69: 2 | F69: 9 | H69: 13 | I69: 15 | J69: COLORCHECKER | K69: COLORCHECKER
A70: 23-09-24-184615.489-66.jpg | B70: YES | C70: 4 | E70: 2 | F70: 9 | H70: 13 | I70: 15 | J70: COLORCHECKER | K70: COLORCHECKER
A71: 23-09-24-184617.650-67.jpg | B71: YES | C71: 2 | F71: 9 | H71: 13 | J71: COLORCHECKER | K71: COLORCHECKER
A72: 23-09-24-184619.812-68.jpg | B72: YES | C72: 2 | F72: 9 | H72: 13 | J72: COLORCHECKER | K72: COLORCHECKER
A73: 23-09-24-184621.979-69.jpg | B73: YES | C73: 2 | F73: 9 | H73: 13 | J73: COLORCHECKER
A74: 23-09-24-184624.151-70.jpg | B74: YES | C74: 2 | F74: 9 | H74: 13 | J74: COLORCHECKER
A75: 23-09-24-184626.214-71.jpg | B75: YES | C75: 2 | F75: 9 | H75: 13 | J75: COLORCHECKER
A76: 23-09-24-184628.355-72.jpg | B76: YES | C76: 2 | E76: 2 | H76: 13 | J76: COLORCHECKER
A77: 23-09-24-184630.522-73.jpg | B77: YES | C77: 2 | E77: 2 | H77: 13
A78: 23-09-24-184632.709-74.jpg | B78: YES | C78: 2 | E78: 2 | H78: 13
A79: 23-09-24-184634.774-75.jpg | B79: YES | C79: 2 | E79: 2 | H79: 13
A80: 23-09-24-184636.927-76.jpg | B80: YES | C80: 1 | H80: 13 | J80: COLORCHECKER
A81: 23-09-24-184639.102-77.jpg | B81: YES | C81: 1 | H81: 13 | J81: COLORCHECKER
A82: 23-09-24-184641.279-78.jpg | B82: YES | C82: 1 | H82: 13 | J82: COLORCHECKER | K82: COLORCHECKER
A83: 23-09-24-184643.452-79.jpg | B83: YES | C83: 1 | H83: 13 | J83: COLORCHECKER
A84: 23-09-24-184646.500-80.jpg | B84: NO | J84: COLORCHECKER
A85: 23-09-24-184648.584-81.jpg | B85: NO | J85: COLORCHECKER
A86: 23-09-24-184650.749-82.jpg | B86: NO | J86: COLORCHECKER
A87: 23-09-24-184652.923-83.jpg | B87: NO | J87: COLORCHECKER | K87: COLORCHECKER
A88: 23-09-24-184655.119-84.jpg | B88: NO | J88: COLORCHECKER | K88: COLORCHECKER
A89: 23-09-24-184657.309-85.jpg | B89: NO | J89: COLORCHECKER | K89: COLORCHECKER
A90: 23-09-24-184659.492-86.jpg | B90: NO | J90: COLORCHECKER | K90: COLORCHECKER
A91: 23-09-24-184701.585-87.jpg | B91: NO | J91: COLORCHECKER | K91: COLORCHECKER
A92: 23-09-24-184703.740-88.jpg | B92: NO | J92: COLORCHECKER | K92: COLORCHECKER
A93: 23-09-24-184706.862-89.jpg | B93: NO | J93: COLORCHECKER
A94: 23-09-24-184709.041-90.jpg | B94: NO | J94: COLORCHECKER
A95: 23-09-24-184711.221-91.jpg | B95: NO | J95: COLORCHECKER
A96: 23-09-24-184713.304-92.jpg | B96: NO | J96: COLORCHECKER
A97: 23-09-24-184715.469-93.jpg | B97: NO | J97: COLORCHECKER
A98: 23-09-24-184717.651-94.jpg | B98: NO | J98: COLORCHECKER
A99: 23-09-24-184719.840-95.jpg | B99: NO | J99: COLORCHECKER
A100: 23-09-24-184722.019-96.jpg | B100: NO | J100: COLORCHECKER
...
